{"meta":{"code":200},"data":[{"attribution":null,"tags":["whpstraightfacades","pfsmx"],"type":"image","location":null,"comments":{"count":8,"data":[{"created_time":"1384871458","text":"#whpstraightfacades #pfsmx","from":{"username":"lelakimuu","profile_picture":"http:\/\/images.ak.instagram.com\/profiles\/profile_27006103_75sq_1385547639.jpg","id":"27006103","full_name":"Prajna Atyanta. D"},"id":"592667211484709821"},{"created_time":"1384871556","text":"Gokiiilll!","from":{"username":"anomalu","profile_picture":"http:\/\/images.ak.instagram.com\/profiles\/profile_4469500_75sq_1382535841.jpg","id":"4469500","full_name":"Dicky Irman Nassa"},"id":"592668034725921745"},{"created_time":"1384871665","text":"Tooop \u2764\ufe0f\u2764\ufe0f\u2764\ufe0f","from":{"username":"qnoy_ibrahim_gf","profile_picture":"http:\/\/images.ak.instagram.com\/profiles\/profile_6934888_75sq_1381585825.jpg","id":"6934888","full_name":"Ricky Irvan Ibrahim \uf8ff"},"id":"592668943883256804"},{"created_time":"1384871675","text":"Keren bro","from":{"username":"okyhari_gi","profile_picture":"http:\/\/images.ak.instagram.com\/profiles\/profile_23894502_75sq_1366894884.jpg","id":"23894502","full_name":"Oky Haribudiman"},"id":"592669025395360745"},{"created_time":"1384871888","text":"Mantep amit bro \ud83d\ude0d\ud83d\udc4d","from":{"username":"onerwan","profile_picture":"http:\/\/images.ak.instagram.com\/profiles\/profile_21902149_75sq_1379411543.jpg","id":"21902149","full_name":"onerwan"},"id":"592670819651502130"},{"created_time":"1384872618","text":"Ajiib","from":{"username":"dhivisio_dkz","profile_picture":"http:\/\/images.ak.instagram.com\/profiles\/profile_209833849_75sq_1359275815.jpg","id":"209833849","full_name":"Adhie"},"id":"592676942957854969"},{"created_time":"1384879811","text":"Kereen!","from":{"username":"changelica","profile_picture":"http:\/\/images.ak.instagram.com\/profiles\/profile_291806725_75sq_1384880404.jpg","id":"291806725","full_name":"Rachel Angelica"},"id":"592737278297719309"},{"created_time":"1384881771","text":"Keren selalu","from":{"username":"handuro_gf","profile_picture":"http:\/\/images.ak.instagram.com\/profiles\/profile_44173531_75sq_1384366278.jpg","id":"44173531","full_name":"farhan"},"id":"592753717989687485"}]},"filter":"Normal","created_time":"1384871290","link":"http:\/\/instagram.com\/p\/g5kmgMkUPl\/","likes":{"count":132,"data":[{"username":"kemalprtm","profile_picture":"http:\/\/images.ak.instagram.com\/profiles\/profile_225325808_75sq_1375440312.jpg","id":"225325808","full_name":"Kemal Pratama"},{"username":"or_elius","profile_picture":"http:\/\/images.ak.instagram.com\/profiles\/profile_241233001_75sq_1374676684.jpg","id":"241233001","full_name":"or_elius"},{"username":"i_mthebatman","profile_picture":"http:\/\/images.ak.instagram.com\/profiles\/profile_146156386_75sq_1386611278.jpg","id":"146156386","full_name":"Harsha"},{"username":"elmarpradana","profile_picture":"http:\/\/images.ak.instagram.com\/profiles\/profile_32076029_75sq_1384783397.jpg","id":"32076029","full_name":"Elmar Pradana"}]},"images":{"low_resolution":{"url":"http:\/\/distilleryimage9.s3.amazonaws.com\/d1056756512611e3b1521292f891e046_6.jpg","width":306,"height":306},"thumbnail":{"url":"http:\/\/distilleryimage9.s3.amazonaws.com\/d1056756512611e3b1521292f891e046_5.jpg","width":150,"height":150},"standard_resolution":{"url":"http:\/\/distilleryimage9.s3.amazonaws.com\/d1056756512611e3b1521292f891e046_8.jpg","width":640,"height":640}},"users_in_photo":[],"caption":{"created_time":"1384871296","text":"4 strip","from":{"username":"lelakimuu","profile_picture":"http:\/\/images.ak.instagram.com\/profiles\/profile_27006103_75sq_1385547639.jpg","id":"27006103","full_name":"Prajna Atyanta. D"},"id":"592665852999975830"},"user_has_liked":false,"id":"592665801561031653_27006103","user":{"username":"lelakimuu","website":"","profile_picture":"http:\/\/images.ak.instagram.com\/profiles\/profile_27006103_75sq_1385547639.jpg","full_name":"Prajna Atyanta. D","bio":"","id":"27006103"}},{"attribution":null,"tags":["life","art","thuesday","salamanca","people","whoifollow","menorca_eyes","whpstraightfacades","street","artistofinstagram","eat","spain","luremein","shootermag","italianrestaurant","winter","ink361","fotodeldia","restaurant","igersmenorca","lounge","love_this_pic","architecture","picturewelove"],"type":"image","location":null,"comments":{"count":2,"data":[{"created_time":"1384868217","text":"#shootermag #ink361 #shootermag #ink361 #fotodeldia #luremein #salamanca #menorca_eyes #whpstraightfacades #whoifollow #love_this_pic #picturewelove #spain #street #people #art #architecture #artistofinstagram#igersmenorca#restaurant#life#eat#lounge#italianrestaurant#spain#winter#thuesday","from":{"username":"charlyjument","profile_picture":"http:\/\/images.ak.instagram.com\/profiles\/profile_354816189_75sq_1383086214.jpg","id":"354816189","full_name":"carlos j. martin"},"id":"592640022202718323"},{"created_time":"1384868900","text":"\" No hay arte mas dificil de adquirir que el arte de la observacion ...\" willian Osler.","from":{"username":"elisabethbueno","profile_picture":"http:\/\/images.ak.instagram.com\/profiles\/profile_327000673_75sq_1373708659.jpg","id":"327000673","full_name":"Elisabeth"},"id":"592645751781366021"}]},"filter":"Normal","created_time":"1384868063","link":"http:\/\/instagram.com\/p\/g5eck_Epkh\/","likes":{"count":32,"data":[{"username":"ben_fanciulli","profile_picture":"http:\/\/images.ak.instagram.com\/profiles\/profile_17533616_75sq_1353797421.jpg","id":"17533616","full_name":"ben_fanciulli"},{"username":"tpath","profile_picture":"http:\/\/images.ak.instagram.com\/profiles\/profile_241505084_75sq_1380595319.jpg","id":"241505084","full_name":"tpath"},{"username":"quirkel5","profile_picture":"http:\/\/images.ak.instagram.com\/profiles\/profile_267207853_75sq_1376889100.jpg","id":"267207853","full_name":"quirkel5"},{"username":"entrepelos","profile_picture":"http:\/\/images.ak.instagram.com\/profiles\/profile_261335407_75sq_1372220853.jpg","id":"261335407","full_name":"Entrepelos Peluquer\u00eda Canina"}]},"images":{"low_resolution":{"url":"http:\/\/distilleryimage9.s3.amazonaws.com\/4d8ebac8511f11e39e1112abd3bdb6b6_6.jpg","width":306,"height":306},"thumbnail":{"url":"http:\/\/distilleryimage9.s3.amazonaws.com\/4d8ebac8511f11e39e1112abd3bdb6b6_5.jpg","width":150,"height":150},"standard_resolution":{"url":"http:\/\/distilleryimage9.s3.amazonaws.com\/4d8ebac8511f11e39e1112abd3bdb6b6_8.jpg","width":640,"height":640}},"users_in_photo":[],"caption":{"created_time":"1384868091","text":"...Zaz\u00fa Bistr\u00f3","from":{"username":"charlyjument","profile_picture":"http:\/\/images.ak.instagram.com\/profiles\/profile_354816189_75sq_1383086214.jpg","id":"354816189","full_name":"carlos j. martin"},"id":"592638965640763475"},"user_has_liked":false,"id":"592638731229501729_354816189","user":{"username":"charlyjument","website":"","profile_picture":"http:\/\/images.ak.instagram.com\/profiles\/profile_354816189_75sq_1383086214.jpg","full_name":"carlos j. martin","bio":"","id":"354816189"}},{"attribution":null,"tags":["art","luremein","salamanca","people","whoifollow","whpstraightfacades","menorca_eyes","estaes_castillaleon","love_this_pic","artistofinstagram","home","flowers","spain","hotels","shootermag","ink361","fotodeldia","igersmenorca","street","architecture","house","picturewelove"],"type":"image","location":null,"comments":{"count":3,"data":[{"created_time":"1384862678","text":"#shootermag #ink361 #fotodeldia #luremein #salamanca #menorca_eyes #whpstraightfacades #whoifollow #love_this_pic #picturewelove #spain #street #people #art #architecture #artistofinstagram #igersmenorca#hotels#home#house#flowers","from":{"username":"charlyjument","profile_picture":"http:\/\/images.ak.instagram.com\/profiles\/profile_354816189_75sq_1383086214.jpg","id":"354816189","full_name":"carlos j. martin"},"id":"592593556453104312"},{"created_time":"1384875133","text":"Que bella estampa!!","from":{"username":"rachellita79","profile_picture":"http:\/\/images.ak.instagram.com\/profiles\/profile_258840567_75sq_1385159131.jpg","id":"258840567","full_name":"InstaRa"},"id":"592698037849201579"},{"created_time":"1385717083","text":"#estaes_castillaleon","from":{"username":"charlyjument","profile_picture":"http:\/\/images.ak.instagram.com\/profiles\/profile_354816189_75sq_1383086214.jpg","id":"354816189","full_name":"carlos j. martin"},"id":"599760824509307789"}]},"filter":"Normal","created_time":"1384862602","link":"http:\/\/instagram.com\/p\/g5UB9JkppO\/","likes":{"count":24,"data":[{"username":"helenariza","profile_picture":"http:\/\/images.ak.instagram.com\/profiles\/profile_253579760_75sq_1384877769.jpg","id":"253579760","full_name":"my Architectural Visits"},{"username":"alessiascurati","profile_picture":"http:\/\/images.ak.instagram.com\/profiles\/profile_30569041_75sq_1364912444.jpg","id":"30569041","full_name":"alessiascurati"},{"username":"boboesco","profile_picture":"http:\/\/images.ak.instagram.com\/profiles\/profile_25981550_75sq_1365631838.jpg","id":"25981550","full_name":"boboesco"},{"username":"rachellita79","profile_picture":"http:\/\/images.ak.instagram.com\/profiles\/profile_258840567_75sq_1385159131.jpg","id":"258840567","full_name":"InstaRa"}]},"images":{"low_resolution":{"url":"http:\/\/distilleryimage6.s3.amazonaws.com\/969151d4511211e3b4660e7130835a1f_6.jpg","width":306,"height":306},"thumbnail":{"url":"http:\/\/distilleryimage6.s3.amazonaws.com\/969151d4511211e3b4660e7130835a1f_5.jpg","width":150,"height":150},"standard_resolution":{"url":"http:\/\/distilleryimage6.s3.amazonaws.com\/969151d4511211e3b4660e7130835a1f_8.jpg","width":640,"height":640}},"users_in_photo":[],"caption":{"created_time":"1384862605","text":"Hogar...dulce hogar...","from":{"username":"charlyjument","profile_picture":"http:\/\/images.ak.instagram.com\/profiles\/profile_354816189_75sq_1383086214.jpg","id":"354816189","full_name":"carlos j. martin"},"id":"592592948228692646"},"user_has_liked":false,"id":"592592921284483662_354816189","user":{"username":"charlyjument","website":"","profile_picture":"http:\/\/images.ak.instagram.com\/profiles\/profile_354816189_75sq_1383086214.jpg","full_name":"carlos j. martin","bio":"","id":"354816189"}},{"attribution":null,"tags":["vsco","vscocam"],"type":"image","location":null,"comments":{"count":34,"data":[{"created_time":"1384870314","text":"@amalrachim iyaa nih kebetulan lewat...","from":{"username":"lelakimuu","profile_picture":"http:\/\/images.ak.instagram.com\/profiles\/profile_27006103_75sq_1385547639.jpg","id":"27006103","full_name":"Prajna Atyanta. D"},"id":"592657611561714323"},{"created_time":"1384880354","text":"weww..ini gedung dmanaaaa??","from":{"username":"randitulsa","profile_picture":"http:\/\/images.ak.instagram.com\/profiles\/profile_1918110_75sq_1360762725.jpg","id":"1918110","full_name":"Randi Tulsa"},"id":"592741832011629270"},{"created_time":"1384880415","text":"@randitulsa bale pare...sebelahnya ar-irsyad","from":{"username":"lelakimuu","profile_picture":"http:\/\/images.ak.instagram.com\/profiles\/profile_27006103_75sq_1385547639.jpg","id":"27006103","full_name":"Prajna Atyanta. D"},"id":"592742346493346536"},{"created_time":"1384905683","text":"Nice @lelakimuu","from":{"username":"edthird_fabig","profile_picture":"http:\/\/images.ak.instagram.com\/profiles\/profile_48727067_75sq_1375796136.jpg","id":"48727067","full_name":"fahriarkusuma"},"id":"592954307474703233"},{"created_time":"1384915596","text":"\ud83d\ude0d","from":{"username":"la_skippo","profile_picture":"http:\/\/images.ak.instagram.com\/profiles\/profile_466477370_75sq_1386603334.jpg","id":"466477370","full_name":"f_ \u2600"},"id":"593037463024386600"},{"created_time":"1385491995","text":"Great shot","from":{"username":"sundoors","profile_picture":"http:\/\/images.ak.instagram.com\/profiles\/profile_389875660_75sq_1384770067.jpg","id":"389875660","full_name":"Gallery doors and windows."},"id":"597872647070630082"},{"created_time":"1385680734","text":"\u2728\ud83d\udc4d","from":{"username":"straightfacades","profile_picture":"http:\/\/images.ak.instagram.com\/profiles\/profile_233561875_75sq_1372760480.jpg","id":"233561875","full_name":"straightfacades"},"id":"599455910939673413"},{"created_time":"1385685467","text":"@straightfacades thanks a lot","from":{"username":"lelakimuu","profile_picture":"http:\/\/images.ak.instagram.com\/profiles\/profile_27006103_75sq_1385547639.jpg","id":"27006103","full_name":"Prajna Atyanta. D"},"id":"599495607418175523"}]},"filter":"Normal","created_time":"1384853073","link":"http:\/\/instagram.com\/p\/g5B2vDkUBN\/","likes":{"count":164,"data":[{"username":"nisef","profile_picture":"http:\/\/images.ak.instagram.com\/profiles\/profile_3324868_75sq_1358080903.jpg","id":"3324868","full_name":"Lawrence Sin"},{"username":"cimkedi","profile_picture":"http:\/\/images.ak.instagram.com\/profiles\/profile_983011_75sq_1373712741.jpg","id":"983011","full_name":"Yener Torun"},{"username":"sahhilny","profile_picture":"http:\/\/images.ak.instagram.com\/profiles\/profile_14951740_75sq_1385356163.jpg","id":"14951740","full_name":"rezha sahhilny amran"},{"username":"vinnynf","profile_picture":"http:\/\/images.ak.instagram.com\/profiles\/profile_54936045_75sq_1383845237.jpg","id":"54936045","full_name":"Vincent Fisher"}]},"images":{"low_resolution":{"url":"http:\/\/distilleryimage9.s3.amazonaws.com\/66c7ae2850fc11e3908812d3c63eaff1_6.jpg","width":306,"height":306},"thumbnail":{"url":"http:\/\/distilleryimage9.s3.amazonaws.com\/66c7ae2850fc11e3908812d3c63eaff1_5.jpg","width":150,"height":150},"standard_resolution":{"url":"http:\/\/distilleryimage9.s3.amazonaws.com\/66c7ae2850fc11e3908812d3c63eaff1_8.jpg","width":640,"height":640}},"users_in_photo":[],"caption":{"created_time":"1384853149","text":"Have a nice...blue","from":{"username":"lelakimuu","profile_picture":"http:\/\/images.ak.instagram.com\/profiles\/profile_27006103_75sq_1385547639.jpg","id":"27006103","full_name":"Prajna Atyanta. D"},"id":"592513621164114053"},"user_has_liked":false,"id":"592512985399902285_27006103","user":{"username":"lelakimuu","website":"","profile_picture":"http:\/\/images.ak.instagram.com\/profiles\/profile_27006103_75sq_1385547639.jpg","full_name":"Prajna Atyanta. D","bio":"","id":"27006103"}},{"attribution":null,"tags":["\u0628\u0644\u0627\u0643_\u0628\u064a\u0631\u064a","\u0627\u0646\u0633\u062a\u063a\u0631\u0627\u0645","food","\u0627\u0644\u0633\u0639\u0648\u062f\u064a\u0629","\u062a\u0635\u0648\u064a\u0631\u064a","\u0645\u0646","whpstraightfacades","\u0645\u0646_\u062a\u0635\u0648\u064a\u0631\u064a","\u0641\u0648\u0644\u0648","whpstraifood","\u0635\u0648\u0631"],"type":"image","location":null,"comments":{"count":6,"data":[{"created_time":"1384613422","text":"\u062c\u0645\u064a\u0644","from":{"username":"b1_e2_r3","profile_picture":"http:\/\/images.ak.instagram.com\/profiles\/profile_620297533_75sq_1382612347.jpg","id":"620297533","full_name":"Bbm : 74620FE9"},"id":"590502643169976474"},{"created_time":"1384616335","text":"@b1_e2_r3  \u0627\u0646\u062a \u0627\u062c\u0645\u0644","from":{"username":"moot212","profile_picture":"http:\/\/images.ak.instagram.com\/profiles\/profile_646116239_75sq_1384981605.jpg","id":"646116239","full_name":"just you"},"id":"590527081131237734"},{"created_time":"1384627797","text":"\u0648\u0627\u0627\u0627\u0627\u0627\u0627\u0627\u0627\u0627\u0627\u0627\u0627\u0648 \u064a\u062c\u0646\u0646 \u0645\u0648\u0648\u0648\u0648\u0648\u062a \u064a\u0627\u0645\u0648\u0648\u0648\u0648\u062a","from":{"username":"moonlove70","profile_picture":"http:\/\/images.ak.instagram.com\/profiles\/profile_415205695_75sq_1386131908.jpg","id":"415205695","full_name":"moon.love"},"id":"590623236959723841"},{"created_time":"1384821060","text":"#whpstraightfacades  @instagram  nice","from":{"username":"moot212","profile_picture":"http:\/\/images.ak.instagram.com\/profiles\/profile_646116239_75sq_1384981605.jpg","id":"646116239","full_name":"just you"},"id":"592244441462563220"},{"created_time":"1384821190","text":"#whpstraifood","from":{"username":"moot212","profile_picture":"http:\/\/images.ak.instagram.com\/profiles\/profile_646116239_75sq_1384981605.jpg","id":"646116239","full_name":"just you"},"id":"592245534674346434"},{"created_time":"1384821310","text":"#food","from":{"username":"moot212","profile_picture":"http:\/\/images.ak.instagram.com\/profiles\/profile_646116239_75sq_1384981605.jpg","id":"646116239","full_name":"just you"},"id":"592246533086470642"}]},"filter":null,"created_time":"1384613166","link":"http:\/\/instagram.com\/p\/gx4RKSk2Pp\/","likes":{"count":26,"data":[{"username":"ah_990","profile_picture":"http:\/\/images.ak.instagram.com\/profiles\/profile_483040489_75sq_1385365997.jpg","id":"483040489","full_name":"\u00c0hmad moh\u00e0mmed"},{"username":"zoooz_1413","profile_picture":"http:\/\/images.ak.instagram.com\/profiles\/profile_494908757_75sq_1382832758.jpg","id":"494908757","full_name":"zooz:)"},{"username":"atheer_maghrabi","profile_picture":"http:\/\/images.ak.instagram.com\/profiles\/profile_373355118_75sq_1384636532.jpg","id":"373355118","full_name":"atheer_maghrabi"},{"username":"nan462","profile_picture":"http:\/\/images.ak.instagram.com\/profiles\/profile_290807513_75sq_1386265213.jpg","id":"290807513","full_name":"\u0646\u0647\u0644\u0647  \u2661"}]},"images":{"low_resolution":{"url":"http:\/\/distilleryimage1.s3.amazonaws.com\/d2cfc5324ecd11e395f30ee24f92cc1c_6.jpg","width":306,"height":306},"thumbnail":{"url":"http:\/\/distilleryimage1.s3.amazonaws.com\/d2cfc5324ecd11e395f30ee24f92cc1c_5.jpg","width":150,"height":150},"standard_resolution":{"url":"http:\/\/distilleryimage1.s3.amazonaws.com\/d2cfc5324ecd11e395f30ee24f92cc1c_8.jpg","width":640,"height":640}},"users_in_photo":[],"caption":{"created_time":"1384613174","text":"#\u062a\u0635\u0648\u064a\u0631\u064a #\u0645\u0646 \u062a\u0635\u0627\u0645\u064a\u0645 #\u0627\u0646\u0633\u062a\u063a\u0631\u0627\u0645 #\u0627\u0644\u0633\u0639\u0648\u062f\u064a\u0629 #\u0628\u0644\u0627\u0643_\u0628\u064a\u0631\u064a #\u0645\u0646_\u062a\u0635\u0648\u064a\u0631\u064a #\u0635\u0648\u0631 #\u0641\u0648\u0644\u0648","from":{"username":"moot212","profile_picture":"http:\/\/images.ak.instagram.com\/profiles\/profile_646116239_75sq_1384981605.jpg","id":"646116239","full_name":"just you"},"id":"590500563826991161"},"user_has_liked":false,"id":"590500496047039465_646116239","user":{"username":"moot212","website":"","profile_picture":"http:\/\/images.ak.instagram.com\/profiles\/profile_646116239_75sq_1384981605.jpg","full_name":"just you","bio":"","id":"646116239"}},{"attribution":null,"tags":["photowall","ig_captures","whpstraightfacades","street","justgoexplore","strideby","vscoedit","whpstrideby","latergram","ampt_potd","toronto","premiumposts","tdot","allshots_","vscogood","emptyspaces","2instagood","archidaily","ig_masters","picoftheday","igtoronto","bestoftheday","architecture","publicimage","1loveto","justgoshoot","vscocam","chasinglight","citylife"],"type":"image","location":{"latitude":43.663198041,"longitude":-79.392054622},"comments":{"count":13,"data":[{"created_time":"1384819518","text":"@hanbalillo thanks! #whpstraightfacades","from":{"username":"shiaosquared","profile_picture":"http:\/\/images.ak.instagram.com\/profiles\/profile_10321336_75sq_1386663780.jpg","id":"10321336","full_name":"Shiaoshiao Chen"},"id":"592231505952303096"},{"created_time":"1384820285","text":"Really great shot!","from":{"username":"totesliottes","profile_picture":"http:\/\/images.ak.instagram.com\/profiles\/profile_527202300_75sq_1384636616.jpg","id":"527202300","full_name":"Totes Liottes"},"id":"592237935199577447"},{"created_time":"1384820313","text":";)","from":{"username":"hanbalillo","profile_picture":"http:\/\/images.ak.instagram.com\/profiles\/profile_468693577_75sq_1386642955.jpg","id":"468693577","full_name":"\ud83d\udcf7Hanbal \ud83c\uddea\ud83c\uddf8"},"id":"592238173897418097"},{"created_time":"1384821125","text":"@totesliottes thanks :)","from":{"username":"shiaosquared","profile_picture":"http:\/\/images.ak.instagram.com\/profiles\/profile_10321336_75sq_1386663780.jpg","id":"10321336","full_name":"Shiaoshiao Chen"},"id":"592244986478913264"},{"created_time":"1384821136","text":"@hanbalillo \ud83d\udc4a\ud83d\ude09","from":{"username":"shiaosquared","profile_picture":"http:\/\/images.ak.instagram.com\/profiles\/profile_10321336_75sq_1386663780.jpg","id":"10321336","full_name":"Shiaoshiao Chen"},"id":"592245078057346805"},{"created_time":"1384823099","text":"Nice!","from":{"username":"bluebonnetgal","profile_picture":"http:\/\/images.ak.instagram.com\/profiles\/profile_49621955_75sq_1382592102.jpg","id":"49621955","full_name":"Tracey"},"id":"592261541849786032"},{"created_time":"1384843861","text":"Great shot and cool gallery \ud83d\udc4c","from":{"username":"rich__","profile_picture":"http:\/\/images.ak.instagram.com\/profiles\/profile_5289909_75sq_1381247847.jpg","id":"5289909","full_name":"Rich"},"id":"592435708519835105"},{"created_time":"1384879343","text":"@rich__ thank you!","from":{"username":"shiaosquared","profile_picture":"http:\/\/images.ak.instagram.com\/profiles\/profile_10321336_75sq_1386663780.jpg","id":"10321336","full_name":"Shiaoshiao Chen"},"id":"592733351741547596"}]},"filter":"Lo-fi","created_time":"1384817405","link":"http:\/\/instagram.com\/p\/g390rDFOVU\/","likes":{"count":88,"data":[{"username":"sherrymerry1","profile_picture":"http:\/\/images.ak.instagram.com\/profiles\/profile_192786189_75sq_1359629261.jpg","id":"192786189","full_name":"mery"},{"username":"bohemiyan","profile_picture":"http:\/\/images.ak.instagram.com\/profiles\/profile_530259909_75sq_1383491289.jpg","id":"530259909","full_name":"bohemiyan"},{"username":"amandact","profile_picture":"http:\/\/images.ak.instagram.com\/profiles\/profile_3782902_75sq_1384869540.jpg","id":"3782902","full_name":"Amanda"},{"username":"tsetan_c","profile_picture":"http:\/\/images.ak.instagram.com\/profiles\/profile_7462125_75sq_1384205123.jpg","id":"7462125","full_name":"tsetan  chudotsang"}]},"images":{"low_resolution":{"url":"http:\/\/distilleryimage0.s3.amazonaws.com\/5ab591e850a911e39bd40e7965e0908e_6.jpg","width":306,"height":306},"thumbnail":{"url":"http:\/\/distilleryimage0.s3.amazonaws.com\/5ab591e850a911e39bd40e7965e0908e_5.jpg","width":150,"height":150},"standard_resolution":{"url":"http:\/\/distilleryimage0.s3.amazonaws.com\/5ab591e850a911e39bd40e7965e0908e_8.jpg","width":640,"height":640}},"users_in_photo":[],"caption":{"created_time":"1384817495","text":"\"Deafening\"| been missing the warmth of the blinding hot summer sun as of late. #toronto #architecture","from":{"username":"shiaosquared","profile_picture":"http:\/\/images.ak.instagram.com\/profiles\/profile_10321336_75sq_1386663780.jpg","id":"10321336","full_name":"Shiaoshiao Chen"},"id":"592214537492816959"},"user_has_liked":false,"id":"592213776495076692_10321336","user":{"username":"shiaosquared","website":"","profile_picture":"http:\/\/images.ak.instagram.com\/profiles\/profile_10321336_75sq_1386663780.jpg","full_name":"Shiaoshiao Chen","bio":"","id":"10321336"}},{"attribution":null,"tags":["scale","bestofvsco","mus\u00e9edulouvre","louvre","paris","straightfacades","whpstraightfacades","vsco","france","architecture","facade","brick","vscocam"],"type":"image","location":{"latitude":40.854410562,"longitude":-81.470130924},"comments":{"count":2,"data":[{"created_time":"1382968032","text":"#paris #architecture #vscocam #bestofvsco #vsco #france #Mus\u00e9eduLouvre #louvre #facade #scale #brick","from":{"username":"friskygeek","profile_picture":"http:\/\/images.ak.instagram.com\/profiles\/profile_1050481_75sq_1357354823.jpg","id":"1050481","full_name":"Faisal Sultan"},"id":"576700116636240001"},{"created_time":"1384816871","text":"#whpstraightfacades #straightfacades","from":{"username":"friskygeek","profile_picture":"http:\/\/images.ak.instagram.com\/profiles\/profile_1050481_75sq_1357354823.jpg","id":"1050481","full_name":"Faisal Sultan"},"id":"592209296021227762"}]},"filter":"Normal","created_time":"1382967970","link":"http:\/\/instagram.com\/p\/gA2ToHh4h0\/","likes":{"count":80,"data":[{"username":"elisdicarlo","profile_picture":"http:\/\/images.ak.instagram.com\/profiles\/profile_354544113_75sq_1386624006.jpg","id":"354544113","full_name":"Elisa"},{"username":"_trangta_","profile_picture":"http:\/\/images.ak.instagram.com\/profiles\/profile_28031804_75sq_1385259205.jpg","id":"28031804","full_name":"Trang Ta\ud83d\udc8b"},{"username":"thedennisli","profile_picture":"http:\/\/images.ak.instagram.com\/profiles\/profile_282794822_75sq_1385891448.jpg","id":"282794822","full_name":"Dennis Li"},{"username":"makaisa","profile_picture":"http:\/\/images.ak.instagram.com\/profiles\/profile_197233350_75sq_1383517951.jpg","id":"197233350","full_name":"Maria Kaisa"}]},"images":{"low_resolution":{"url":"http:\/\/distilleryimage8.s3.amazonaws.com\/4dd9dcfa3fd711e397fa22000ae91219_6.jpg","width":306,"height":306},"thumbnail":{"url":"http:\/\/distilleryimage8.s3.amazonaws.com\/4dd9dcfa3fd711e397fa22000ae91219_5.jpg","width":150,"height":150},"standard_resolution":{"url":"http:\/\/distilleryimage8.s3.amazonaws.com\/4dd9dcfa3fd711e397fa22000ae91219_8.jpg","width":640,"height":640}},"users_in_photo":[],"caption":{"created_time":"1382967972","text":"Mus\u00e9e du Louvre #paris","from":{"username":"friskygeek","profile_picture":"http:\/\/images.ak.instagram.com\/profiles\/profile_1050481_75sq_1357354823.jpg","id":"1050481","full_name":"Faisal Sultan"},"id":"576699610467633262"},"user_has_liked":false,"id":"576699595561076852_1050481","user":{"username":"friskygeek","website":"","profile_picture":"http:\/\/images.ak.instagram.com\/profiles\/profile_1050481_75sq_1357354823.jpg","full_name":"Faisal Sultan","bio":"","id":"1050481"}},{"attribution":null,"tags":["xatsebre","thedoorsproject","doorsondoors","we_love_this_pic","enviedecatalogne","whpstraightfacades","ig_barcelona","portasejanelas","gaudeix_cat","ikg_photos","ametllademar","nexus_rustic","piretania","instafoto_ve","catalunyaexperience","museuterresebre","turismeametllademar","elmeupetit_pais","igerslleida","turisgram","igerstgn","ig_universal","bd_photo","world_shotz","terresdelebre","descobreixcatalunya","clikcat","sundoors","ig_girona"],"type":"image","location":{"latitude":40.8855279,"name":"Xerta","longitude":0.8042088,"id":164218549},"comments":{"count":7,"data":[{"created_time":"1384814960","text":"#gaudeix_cat","from":{"username":"clarasantiago53","profile_picture":"http:\/\/images.ak.instagram.com\/profiles\/profile_362103628_75sq_1368563111.jpg","id":"362103628","full_name":"clara"},"id":"592193272961086523"},{"created_time":"1384815136","text":"#enviedecatalogne","from":{"username":"clarasantiago53","profile_picture":"http:\/\/images.ak.instagram.com\/profiles\/profile_362103628_75sq_1368563111.jpg","id":"362103628","full_name":"clara"},"id":"592194742552933487"},{"created_time":"1384816736","text":"Bonica i real","from":{"username":"mdolorscl","profile_picture":"http:\/\/images.ak.instagram.com\/profiles\/profile_275449926_75sq_1379360719.jpg","id":"275449926","full_name":"M Dolors CL"},"id":"592208167907669797"},{"created_time":"1384870059","text":"Moltes gr\u00e0cies !! @mdolorscl","from":{"username":"clarasantiago53","profile_picture":"http:\/\/images.ak.instagram.com\/profiles\/profile_362103628_75sq_1368563111.jpg","id":"362103628","full_name":"clara"},"id":"592655471311631904"},{"created_time":"1384898191","text":"#museuterresebre","from":{"username":"clarasantiago53","profile_picture":"http:\/\/images.ak.instagram.com\/profiles\/profile_362103628_75sq_1368563111.jpg","id":"362103628","full_name":"clara"},"id":"592891465260643865"},{"created_time":"1384899427","text":"#nexus_rustic","from":{"username":"clarasantiago53","profile_picture":"http:\/\/images.ak.instagram.com\/profiles\/profile_362103628_75sq_1368563111.jpg","id":"362103628","full_name":"clara"},"id":"592901832506389551"},{"created_time":"1385309285","text":"\ud83d\ude4f\ud83d\ude4f\ud83d\ude4f\ud83d\ude4f","from":{"username":"martafabricio","profile_picture":"http:\/\/images.ak.instagram.com\/profiles\/profile_400615266_75sq_1378036624.jpg","id":"400615266","full_name":"Martafabricio"},"id":"596339964765583306"}]},"filter":"Lo-fi","created_time":"1384814270","link":"http:\/\/instagram.com\/p\/g332DBuLdn\/","likes":{"count":122,"data":[{"username":"pepigf","profile_picture":"http:\/\/images.ak.instagram.com\/profiles\/profile_277714216_75sq_1356800169.jpg","id":"277714216","full_name":"Pepi Gavalda"},{"username":"sidedished","profile_picture":"http:\/\/images.ak.instagram.com\/profiles\/profile_603276076_75sq_1383051100.jpg","id":"603276076","full_name":"Silvia"},{"username":"cangoley","profile_picture":"http:\/\/images.ak.instagram.com\/profiles\/profile_280214718_75sq_1368217663.jpg","id":"280214718","full_name":"cangoley"},{"username":"glsnkrglu","profile_picture":"http:\/\/images.ak.instagram.com\/profiles\/profile_239971086_75sq_1384636798.jpg","id":"239971086","full_name":"GSN79"}]},"images":{"low_resolution":{"url":"http:\/\/distilleryimage7.s3.amazonaws.com\/0e6b794e50a211e3b5750e3183fdef5a_6.jpg","width":306,"height":306},"thumbnail":{"url":"http:\/\/distilleryimage7.s3.amazonaws.com\/0e6b794e50a211e3b5750e3183fdef5a_5.jpg","width":150,"height":150},"standard_resolution":{"url":"http:\/\/distilleryimage7.s3.amazonaws.com\/0e6b794e50a211e3b5750e3183fdef5a_8.jpg","width":640,"height":640}},"users_in_photo":[],"caption":{"created_time":"1384814905","text":"#whpstraightfacades #portasejanelas #thedoorsproject #sundoors#doorsondoors #we_love_this_pic #bd_photo #ikg_photos #ig_universal #world_shotz #instafoto_ve #turisgram #ametllademar #turismeametllademar #catalunyaexperience #descobreixcatalunya #igerstgn #ig_barcelona #ig_girona #igerslleida #Clikcat #elmeupetit_pais #xatsebre #terresdelebre #piretania","from":{"username":"clarasantiago53","profile_picture":"http:\/\/images.ak.instagram.com\/profiles\/profile_362103628_75sq_1368563111.jpg","id":"362103628","full_name":"clara"},"id":"592192809045898275"},"user_has_liked":false,"id":"592187482682472295_362103628","user":{"username":"clarasantiago53","website":"","profile_picture":"http:\/\/images.ak.instagram.com\/profiles\/profile_362103628_75sq_1368563111.jpg","full_name":"clara","bio":"","id":"362103628"}},{"attribution":null,"tags":["jj_worldofwhites","whpstraightfacades"],"type":"image","location":{"latitude":33.768416667,"longitude":-84.385413333},"comments":{"count":1,"data":[{"created_time":"1385008915","text":"#jj_worldofwhites","from":{"username":"lpissarra","profile_picture":"http:\/\/images.ak.instagram.com\/profiles\/profile_24299245_75sq_1373341744.jpg","id":"24299245","full_name":"Larissa Pissarra"},"id":"593820281550821401"}]},"filter":"Normal","created_time":"1384538502","link":"http:\/\/instagram.com\/p\/gvp26oQli3\/","likes":{"count":12,"data":[{"username":"juanesteves","profile_picture":"http:\/\/images.ak.instagram.com\/profiles\/profile_11000952_75sq_1364939078.jpg","id":"11000952","full_name":"Juan Esteves"},{"username":"shouko_yamanaka","profile_picture":"http:\/\/images.ak.instagram.com\/profiles\/profile_422451594_75sq_1371555983.jpg","id":"422451594","full_name":"\u83ef\u9053\u6d1b\u967d\u672a\u751f\u6d41 \u5bb6\u5143"},{"username":"jcviews31","profile_picture":"http:\/\/images.ak.instagram.com\/profiles\/profile_289817724_75sq_1385008771.jpg","id":"289817724","full_name":"jcviews31"},{"username":"reginadesiree","profile_picture":"http:\/\/images.ak.instagram.com\/profiles\/profile_465239_75sq_1359407599.jpg","id":"465239","full_name":"regina desir\u00e9e"}]},"images":{"low_resolution":{"url":"http:\/\/distilleryimage3.s3.amazonaws.com\/fba9ab524e1f11e3aee912ce08225afa_6.jpg","width":306,"height":306},"thumbnail":{"url":"http:\/\/distilleryimage3.s3.amazonaws.com\/fba9ab524e1f11e3aee912ce08225afa_5.jpg","width":150,"height":150},"standard_resolution":{"url":"http:\/\/distilleryimage3.s3.amazonaws.com\/fba9ab524e1f11e3aee912ce08225afa_8.jpg","width":640,"height":640}},"users_in_photo":[],"caption":{"created_time":"1384812478","text":"#whpstraightfacades","from":{"username":"lpissarra","profile_picture":"http:\/\/images.ak.instagram.com\/profiles\/profile_24299245_75sq_1373341744.jpg","id":"24299245","full_name":"Larissa Pissarra"},"id":"592172449861360123"},"user_has_liked":false,"id":"589874169919985847_24299245","user":{"username":"lpissarra","website":"","profile_picture":"http:\/\/images.ak.instagram.com\/profiles\/profile_24299245_75sq_1373341744.jpg","full_name":"Larissa Pissarra","bio":"","id":"24299245"}},{"attribution":null,"tags":["facade","architecture","windows","fun","whpstraightfacades","dresses"],"type":"image","location":null,"comments":{"count":1,"data":[{"created_time":"1384809494","text":"#WHPstraightfacades","from":{"username":"archlifephotography","profile_picture":"http:\/\/images.ak.instagram.com\/profiles\/profile_20371735_75sq_1382562375.jpg","id":"20371735","full_name":"Vajra Hodges"},"id":"592147418705503124"}]},"filter":"Valencia","created_time":"1362709988","link":"http:\/\/instagram.com\/p\/WlHRVwmyDY\/","likes":{"count":44,"data":[{"username":"shiaosquared","profile_picture":"http:\/\/images.ak.instagram.com\/profiles\/profile_10321336_75sq_1386663780.jpg","id":"10321336","full_name":"Shiaoshiao Chen"},{"username":"congtian_","profile_picture":"http:\/\/images.ak.instagram.com\/profiles\/profile_284474269_75sq_1377493671.jpg","id":"284474269","full_name":"congtian_"},{"username":"makaisa","profile_picture":"http:\/\/images.ak.instagram.com\/profiles\/profile_197233350_75sq_1383517951.jpg","id":"197233350","full_name":"Maria Kaisa"},{"username":"bernatcp","profile_picture":"http:\/\/images.ak.instagram.com\/profiles\/profile_213130725_75sq_1381826288.jpg","id":"213130725","full_name":"Bernat, c'est un plaisir"}]},"images":{"low_resolution":{"url":"http:\/\/distilleryimage0.s3.amazonaws.com\/832e1742879811e2a1b122000a1f9702_6.jpg","width":306,"height":306},"thumbnail":{"url":"http:\/\/distilleryimage0.s3.amazonaws.com\/832e1742879811e2a1b122000a1f9702_5.jpg","width":150,"height":150},"standard_resolution":{"url":"http:\/\/distilleryimage0.s3.amazonaws.com\/832e1742879811e2a1b122000a1f9702_7.jpg","width":612,"height":612}},"users_in_photo":[],"caption":{"created_time":"1362710052","text":"Ladies in windows #dresses #architecture #windows #facade #fun","from":{"username":"archlifephotography","profile_picture":"http:\/\/images.ak.instagram.com\/profiles\/profile_20371735_75sq_1382562375.jpg","id":"20371735","full_name":"Vajra Hodges"},"id":"406763860391568291"},"user_has_liked":false,"id":"406763319267631320_20371735","user":{"username":"archlifephotography","website":"","profile_picture":"http:\/\/images.ak.instagram.com\/profiles\/profile_20371735_75sq_1382562375.jpg","full_name":"Vajra Hodges","bio":"","id":"20371735"}},{"attribution":null,"tags":["bcam","art","contemporaryart","broad","museum","modern","whpstraightfacades","artmuseum","architecture","renzo","lacma","naturallight","red","renzopiano"],"type":"image","location":{"latitude":34.063263443,"name":"Los Angeles County Museum of Art (LACMA)","longitude":-118.358974457,"id":3003060},"comments":{"count":3,"data":[{"created_time":"1368142374","text":"@archlifephotography is this your work? Where can I get these prints? I've seen the series, forgot who made them?","from":{"username":"jointeffortstudio","profile_picture":"http:\/\/images.ak.instagram.com\/profiles\/profile_369466313_75sq_1369009389.jpg","id":"369466313","full_name":"Joint Effort Studio"},"id":"452333477209776652"},{"created_time":"1368144286","text":"It's from this series: Dramatic illustrations of iconic architecture by Andr\u00e9 Chiote\nhttp:\/\/www.itsnicethat.com\/articles\/andre-chiote","from":{"username":"archlifephotography","profile_picture":"http:\/\/images.ak.instagram.com\/profiles\/profile_20371735_75sq_1382562375.jpg","id":"20371735","full_name":"Vajra Hodges"},"id":"452349518409310430"},{"created_time":"1384809474","text":"#WHPstraightfacades","from":{"username":"archlifephotography","profile_picture":"http:\/\/images.ak.instagram.com\/profiles\/profile_20371735_75sq_1382562375.jpg","id":"20371735","full_name":"Vajra Hodges"},"id":"592147250807513988"}]},"filter":null,"created_time":"1367547605","link":"http:\/\/instagram.com\/p\/Y1SSybmyCV\/","likes":{"count":38,"data":[{"username":"shiaosquared","profile_picture":"http:\/\/images.ak.instagram.com\/profiles\/profile_10321336_75sq_1386663780.jpg","id":"10321336","full_name":"Shiaoshiao Chen"},{"username":"modernhepcat","profile_picture":"http:\/\/images.ak.instagram.com\/profiles\/profile_13188832_75sq_1361009308.jpg","id":"13188832","full_name":"David+RP"},{"username":"natora","profile_picture":"http:\/\/images.ak.instagram.com\/profiles\/profile_6769051_75sq_1326538442.jpg","id":"6769051","full_name":"Rod Walters"},{"username":"congtian_","profile_picture":"http:\/\/images.ak.instagram.com\/profiles\/profile_284474269_75sq_1377493671.jpg","id":"284474269","full_name":"congtian_"}]},"images":{"low_resolution":{"url":"http:\/\/distilleryimage1.s3.amazonaws.com\/f7c1243eb39711e2bdc622000a1fb844_6.jpg","width":306,"height":306},"thumbnail":{"url":"http:\/\/distilleryimage1.s3.amazonaws.com\/f7c1243eb39711e2bdc622000a1fb844_5.jpg","width":150,"height":150},"standard_resolution":{"url":"http:\/\/distilleryimage1.s3.amazonaws.com\/f7c1243eb39711e2bdc622000a1fb844_7.jpg","width":612,"height":612}},"users_in_photo":[],"caption":{"created_time":"1367547783","text":"Broad Contemporary Museum of Art #ContemporaryArt #Modern #ArtMuseum #BCAM #RenzoPiano #Renzo #Broad #NaturalLight #LACMA #architecture #Art #Red #Museum","from":{"username":"archlifephotography","profile_picture":"http:\/\/images.ak.instagram.com\/profiles\/profile_20371735_75sq_1382562375.jpg","id":"20371735","full_name":"Vajra Hodges"},"id":"447345693747258122"},"user_has_liked":false,"id":"447344193931255957_20371735","user":{"username":"archlifephotography","website":"","profile_picture":"http:\/\/images.ak.instagram.com\/profiles\/profile_20371735_75sq_1382562375.jpg","full_name":"Vajra Hodges","bio":"","id":"20371735"}},{"attribution":null,"tags":["architecturedesign","bcam","art","contemporaryart","architecturephotography","urbanlight","minimalism_world","archistyles","iphonesia","ilovelamp","instagood","lamp","architecture","whpstraightfacades","galeriamink","archilovers","archhunters","lacma"],"type":"image","location":{"latitude":34.063263443,"name":"Los Angeles County Museum of Art (LACMA)","longitude":-118.358974457,"id":3003060},"comments":{"count":3,"data":[{"created_time":"1384718342","text":"#Archilovers #Minimalism_world \n#Architecturephotography #Archhunters #Archistyles #Architecturedesign \n#Instagood #iphonesia","from":{"username":"archlifephotography","profile_picture":"http:\/\/images.ak.instagram.com\/profiles\/profile_20371735_75sq_1382562375.jpg","id":"20371735","full_name":"Vajra Hodges"},"id":"591382780745294664"},{"created_time":"1384809468","text":"#WHPstraightfacades","from":{"username":"archlifephotography","profile_picture":"http:\/\/images.ak.instagram.com\/profiles\/profile_20371735_75sq_1382562375.jpg","id":"20371735","full_name":"Vajra Hodges"},"id":"592147198655538051"},{"created_time":"1386616638","text":"#GaleriaMink","from":{"username":"archlifephotography","profile_picture":"http:\/\/images.ak.instagram.com\/profiles\/profile_20371735_75sq_1382562375.jpg","id":"20371735","full_name":"Vajra Hodges"},"id":"607306837168693505"}]},"filter":"Earlybird","created_time":"1367550232","link":"http:\/\/instagram.com\/p\/Y1XTexmyIi\/","likes":{"count":95,"data":[{"username":"viniciuscouto","profile_picture":"http:\/\/images.ak.instagram.com\/profiles\/profile_50148353_75sq_1385919457.jpg","id":"50148353","full_name":"Vinicius Couto"},{"username":"cimkedi","profile_picture":"http:\/\/images.ak.instagram.com\/profiles\/profile_983011_75sq_1373712741.jpg","id":"983011","full_name":"Yener Torun"},{"username":"congtian_","profile_picture":"http:\/\/images.ak.instagram.com\/profiles\/profile_284474269_75sq_1377493671.jpg","id":"284474269","full_name":"congtian_"},{"username":"bernatcp","profile_picture":"http:\/\/images.ak.instagram.com\/profiles\/profile_213130725_75sq_1381826288.jpg","id":"213130725","full_name":"Bernat, c'est un plaisir"}]},"images":{"low_resolution":{"url":"http:\/\/distilleryimage10.s3.amazonaws.com\/15a287bcb39e11e2ab9022000a9f14bb_6.jpg","width":306,"height":306},"thumbnail":{"url":"http:\/\/distilleryimage10.s3.amazonaws.com\/15a287bcb39e11e2ab9022000a9f14bb_5.jpg","width":150,"height":150},"standard_resolution":{"url":"http:\/\/distilleryimage10.s3.amazonaws.com\/15a287bcb39e11e2ab9022000a9f14bb_7.jpg","width":612,"height":612}},"users_in_photo":[],"caption":{"created_time":"1367550355","text":"Urban Light @LACMA #LACMA #BCAM #UrbanLight #ILoveLamp #Lamp #Art #Architecture #ContemporaryArt","from":{"username":"archlifephotography","profile_picture":"http:\/\/images.ak.instagram.com\/profiles\/profile_20371735_75sq_1382562375.jpg","id":"20371735","full_name":"Vajra Hodges"},"id":"447367266445238992"},"user_has_liked":false,"id":"447366231777550882_20371735","user":{"username":"archlifephotography","website":"","profile_picture":"http:\/\/images.ak.instagram.com\/profiles\/profile_20371735_75sq_1382562375.jpg","full_name":"Vajra Hodges","bio":"","id":"20371735"}},{"attribution":null,"tags":["ceiling","losangeles","saintbasil","wilshire","romancatholic","whpstraightfacades","design","kingsley","church","woodceiling","catholic","la","miraclemile","romancatholicchurch","religion","wood","architecture"],"type":"image","location":{"latitude":34.062166667,"longitude":-118.303333333},"comments":{"count":2,"data":[{"created_time":"1384809456","text":"#WHPstraightfacades","from":{"username":"archlifephotography","profile_picture":"http:\/\/images.ak.instagram.com\/profiles\/profile_20371735_75sq_1382562375.jpg","id":"20371735","full_name":"Vajra Hodges"},"id":"592147101213467518"},{"created_time":"1385492010","text":"Great shot","from":{"username":"sundoors","profile_picture":"http:\/\/images.ak.instagram.com\/profiles\/profile_389875660_75sq_1384770067.jpg","id":"389875660","full_name":"Gallery doors and windows."},"id":"597872778378158099"}]},"filter":"Inkwell","created_time":"1370646879","link":"http:\/\/instagram.com\/p\/aRpsK9GyG-\/","likes":{"count":47,"data":[{"username":"xicalove","profile_picture":"http:\/\/images.ak.instagram.com\/profiles\/profile_481844073_75sq_1374851848.jpg","id":"481844073","full_name":"Ben"},{"username":"natora","profile_picture":"http:\/\/images.ak.instagram.com\/profiles\/profile_6769051_75sq_1326538442.jpg","id":"6769051","full_name":"Rod Walters"},{"username":"viniciuscouto","profile_picture":"http:\/\/images.ak.instagram.com\/profiles\/profile_50148353_75sq_1385919457.jpg","id":"50148353","full_name":"Vinicius Couto"}]},"images":{"low_resolution":{"url":"http:\/\/distilleryimage2.s3.amazonaws.com\/0732479ecfc811e29e6f22000a9e2992_6.jpg","width":306,"height":306},"thumbnail":{"url":"http:\/\/distilleryimage2.s3.amazonaws.com\/0732479ecfc811e29e6f22000a9e2992_5.jpg","width":150,"height":150},"standard_resolution":{"url":"http:\/\/distilleryimage2.s3.amazonaws.com\/0732479ecfc811e29e6f22000a9e2992_7.jpg","width":612,"height":612}},"users_in_photo":[],"caption":{"created_time":"1370646926","text":"Saint Basil Roman Catholic Church Ceiling #SaintBasil #RomanCatholicChurch #Church #Catholic #RomanCatholic #Wilshire #LosAngeles #Architecture #WoodCeiling #Wood #Ceiling #LA #Religion #Kingsley #MiracleMile #Design","from":{"username":"archlifephotography","profile_picture":"http:\/\/images.ak.instagram.com\/profiles\/profile_20371735_75sq_1382562375.jpg","id":"20371735","full_name":"Vajra Hodges"},"id":"473343182346330266"},"user_has_liked":false,"id":"473342791177150910_20371735","user":{"username":"archlifephotography","website":"","profile_picture":"http:\/\/images.ak.instagram.com\/profiles\/profile_20371735_75sq_1382562375.jpg","full_name":"Vajra Hodges","bio":"","id":"20371735"}},{"attribution":null,"tags":["light","loft","downtownla","facade","pattern","metlofts","whpstraightfacades","architecture"],"type":"image","location":{"latitude":34.04268427,"name":"Met Lofts","longitude":-118.263480197,"id":55660592},"comments":{"count":1,"data":[{"created_time":"1384809435","text":"#WHPstraightfacades","from":{"username":"archlifephotography","profile_picture":"http:\/\/images.ak.instagram.com\/profiles\/profile_20371735_75sq_1382562375.jpg","id":"20371735","full_name":"Vajra Hodges"},"id":"592146920338301812"}]},"filter":"Brannan","created_time":"1372130107","link":"http:\/\/instagram.com\/p\/a92uS-myB5\/","likes":{"count":29,"data":[{"username":"aggftw","profile_picture":"http:\/\/images.ak.instagram.com\/profiles\/profile_211928546_75sq_1377475046.jpg","id":"211928546","full_name":"aggftw"},{"username":"mrs_hartnett","profile_picture":"http:\/\/images.ak.instagram.com\/profiles\/profile_358687453_75sq_1383613638.jpg","id":"358687453","full_name":"HadoOla"},{"username":"mydearwatson13","profile_picture":"http:\/\/images.ak.instagram.com\/profiles\/profile_5994742_75sq_1366946940.jpg","id":"5994742","full_name":"Serena"}]},"images":{"low_resolution":{"url":"http:\/\/distilleryimage5.s3.amazonaws.com\/7012beeedd4511e2912b22000a1fa8d6_6.jpg","width":306,"height":306},"thumbnail":{"url":"http:\/\/distilleryimage5.s3.amazonaws.com\/7012beeedd4511e2912b22000a1fa8d6_5.jpg","width":150,"height":150},"standard_resolution":{"url":"http:\/\/distilleryimage5.s3.amazonaws.com\/7012beeedd4511e2912b22000a1fa8d6_7.jpg","width":612,"height":612}},"users_in_photo":[],"caption":{"created_time":"1372130554","text":"Met Lofts in Downtown LA #DowntownLA #Metlofts #Loft #Architecture #Facade #Light #Pattern","from":{"username":"archlifephotography","profile_picture":"http:\/\/images.ak.instagram.com\/profiles\/profile_20371735_75sq_1382562375.jpg","id":"20371735","full_name":"Vajra Hodges"},"id":"485788754437153009"},"user_has_liked":false,"id":"485785010811117689_20371735","user":{"username":"archlifephotography","website":"","profile_picture":"http:\/\/images.ak.instagram.com\/profiles\/profile_20371735_75sq_1382562375.jpg","full_name":"Vajra Hodges","bio":"","id":"20371735"}},{"attribution":null,"tags":["eyes","art","abstractface","abstract","interiordesign","whpstraightfacades","wallcovering","lips","wood","design","plywood","mouth","plywoodart","nose","3d"],"type":"image","location":null,"comments":{"count":1,"data":[{"created_time":"1384809369","text":"#WHPstraightfacades","from":{"username":"archlifephotography","profile_picture":"http:\/\/images.ak.instagram.com\/profiles\/profile_20371735_75sq_1382562375.jpg","id":"20371735","full_name":"Vajra Hodges"},"id":"592146369710072663"}]},"filter":"Lord Kelvin","created_time":"1375564310","link":"http:\/\/instagram.com\/p\/ckM8gLGyAZ\/","likes":{"count":20,"data":[{"username":"tinybing","profile_picture":"http:\/\/images.ak.instagram.com\/profiles\/profile_462935961_75sq_1379280839.jpg","id":"462935961","full_name":"Dream On"},{"username":"archjaviergracia","profile_picture":"http:\/\/images.ak.instagram.com\/profiles\/profile_3347619_75sq_1380596521.jpg","id":"3347619","full_name":"Javier Gracia"},{"username":"whitecalx","profile_picture":"http:\/\/images.ak.instagram.com\/profiles\/profile_195299948_75sq_1382884147.jpg","id":"195299948","full_name":"whitecalx"},{"username":"icoma","profile_picture":"http:\/\/images.ak.instagram.com\/profiles\/profile_395373_75sq_1384409808.jpg","id":"395373","full_name":"Oleg B dbc"}]},"images":{"low_resolution":{"url":"http:\/\/distilleryimage5.s3.amazonaws.com\/50709d8afc8111e2b8a622000a1fbdb1_6.jpg","width":306,"height":306},"thumbnail":{"url":"http:\/\/distilleryimage5.s3.amazonaws.com\/50709d8afc8111e2b8a622000a1fbdb1_5.jpg","width":150,"height":150},"standard_resolution":{"url":"http:\/\/distilleryimage5.s3.amazonaws.com\/50709d8afc8111e2b8a622000a1fbdb1_7.jpg","width":612,"height":612}},"users_in_photo":[],"caption":{"created_time":"1375564435","text":"Abstract Face #Art #Abstract #AbstractFace #Plywood #Wood #InteriorDesign #Design #Wallcovering #3D #PlywoodArt #Nose #Mouth #Eyes #Lips","from":{"username":"archlifephotography","profile_picture":"http:\/\/images.ak.instagram.com\/profiles\/profile_20371735_75sq_1382562375.jpg","id":"20371735","full_name":"Vajra Hodges"},"id":"514594243463553896"},"user_has_liked":false,"id":"514593191699882009_20371735","user":{"username":"archlifephotography","website":"","profile_picture":"http:\/\/images.ak.instagram.com\/profiles\/profile_20371735_75sq_1382562375.jpg","full_name":"Vajra Hodges","bio":"","id":"20371735"}},{"attribution":null,"tags":["losangeles","wilshireblvd","dtla","park","cement","engineering","design","whpstraightfacades","facade","westlakevillage","macarthurpark","wilshire","la","liveworklofts","americancementbuilding","concrete","xbracing","architecture"],"type":"image","location":{"latitude":34.059399767,"name":"American Cement Building","longitude":-118.279895595,"id":21819},"comments":{"count":2,"data":[{"created_time":"1384809362","text":"#WHPstraightfacades","from":{"username":"archlifephotography","profile_picture":"http:\/\/images.ak.instagram.com\/profiles\/profile_20371735_75sq_1382562375.jpg","id":"20371735","full_name":"Vajra Hodges"},"id":"592146310083846995"},{"created_time":"1384821180","text":"Incredible","from":{"username":"hanbalillo","profile_picture":"http:\/\/images.ak.instagram.com\/profiles\/profile_468693577_75sq_1386642955.jpg","id":"468693577","full_name":"\ud83d\udcf7Hanbal \ud83c\uddea\ud83c\uddf8"},"id":"592245450604224972"}]},"filter":"Lo-fi","created_time":"1375572695","link":"http:\/\/instagram.com\/p\/ckc8DtmyM_\/","likes":{"count":30,"data":[{"username":"runsgits","profile_picture":"http:\/\/images.ak.instagram.com\/profiles\/profile_17561736_75sq_1384264480.jpg","id":"17561736","full_name":"seruni ayuningtyas"},{"username":"archviews","profile_picture":"http:\/\/images.ak.instagram.com\/profiles\/profile_24200121_75sq_1372059057.jpg","id":"24200121","full_name":"archviews"},{"username":"mateopoznan","profile_picture":"http:\/\/images.ak.instagram.com\/profiles\/profile_5361523_75sq_1308504812.jpg","id":"5361523","full_name":"Mateusz Mateo R\u0119dzioch"},{"username":"hanbalillo","profile_picture":"http:\/\/images.ak.instagram.com\/profiles\/profile_468693577_75sq_1386642955.jpg","id":"468693577","full_name":"\ud83d\udcf7Hanbal \ud83c\uddea\ud83c\uddf8"}]},"images":{"low_resolution":{"url":"http:\/\/distilleryimage3.s3.amazonaws.com\/d6440196fc9411e2837022000a1fa4bb_6.jpg","width":306,"height":306},"thumbnail":{"url":"http:\/\/distilleryimage3.s3.amazonaws.com\/d6440196fc9411e2837022000a1fa4bb_5.jpg","width":150,"height":150},"standard_resolution":{"url":"http:\/\/distilleryimage3.s3.amazonaws.com\/d6440196fc9411e2837022000a1fa4bb_7.jpg","width":612,"height":612}},"users_in_photo":[],"caption":{"created_time":"1375572815","text":"American Cement Building Facade #MacArthurPark #LA #LosAngeles #Concrete #Cement #XBracing #WestLakeVillage #Park #Wilshire #WilshireBlvd #LiveWorkLofts #Facade #AmericanCementBuilding #Design #Architecture #Engineering #DTLA","from":{"username":"archlifephotography","profile_picture":"http:\/\/images.ak.instagram.com\/profiles\/profile_20371735_75sq_1382562375.jpg","id":"20371735","full_name":"Vajra Hodges"},"id":"514664537305850353"},"user_has_liked":false,"id":"514663529884361535_20371735","user":{"username":"archlifephotography","website":"","profile_picture":"http:\/\/images.ak.instagram.com\/profiles\/profile_20371735_75sq_1382562375.jpg","full_name":"Vajra Hodges","bio":"","id":"20371735"}},{"attribution":null,"tags":["dwp","elevation","lacity","cantilever","dtla","la","whpstraightfacades","iconic","departmentofwaterandpower","floorslabs","design","architecture","waterandpower","johnferrarobuilding","facade","pattern","corbusier","iconicdtla","whpstrideby","ladwp"],"type":"image","location":{"latitude":34.047311953,"name":"Downtown Los Angeles","longitude":-118.255743002,"id":7521329},"comments":{"count":4,"data":[{"created_time":"1383428493","text":"#Facade #Elevation #Pattern","from":{"username":"archlifephotography","profile_picture":"http:\/\/images.ak.instagram.com\/profiles\/profile_20371735_75sq_1382562375.jpg","id":"20371735","full_name":"Vajra Hodges"},"id":"580562743046381804"},{"created_time":"1383543559","text":"@archlifephotography beautiful perspective \ud83d\udc4d\ud83d\ude0a","from":{"username":"archviews","profile_picture":"http:\/\/images.ak.instagram.com\/profiles\/profile_24200121_75sq_1372059057.jpg","id":"24200121","full_name":"archviews"},"id":"581527986991996956"},{"created_time":"1384803737","text":"#WHPstrideby","from":{"username":"archlifephotography","profile_picture":"http:\/\/images.ak.instagram.com\/profiles\/profile_20371735_75sq_1382562375.jpg","id":"20371735","full_name":"Vajra Hodges"},"id":"592099125808013952"},{"created_time":"1384809318","text":"#WHPstraightfacades","from":{"username":"archlifephotography","profile_picture":"http:\/\/images.ak.instagram.com\/profiles\/profile_20371735_75sq_1382562375.jpg","id":"20371735","full_name":"Vajra Hodges"},"id":"592145938384626501"}]},"filter":"Rise","created_time":"1383428115","link":"http:\/\/instagram.com\/p\/gOj9rrmyBc\/","likes":{"count":22,"data":[{"username":"plarqarchitects","profile_picture":"http:\/\/images.ak.instagram.com\/profiles\/profile_611776121_75sq_1383047131.jpg","id":"611776121","full_name":"plarqarchitects"},{"username":"megglee","profile_picture":"http:\/\/images.ak.instagram.com\/profiles\/profile_3137795_75sq_1380728072.jpg","id":"3137795","full_name":"Meg Farquhar"},{"username":"plentz_98","profile_picture":"http:\/\/images.ak.instagram.com\/profiles\/profile_143982884_75sq_1386309150.jpg","id":"143982884","full_name":"Patrick Lentz"},{"username":"rickysimon88","profile_picture":"http:\/\/images.ak.instagram.com\/profiles\/profile_28075561_75sq_1331980235.jpg","id":"28075561","full_name":"simone dalmonte"}]},"images":{"low_resolution":{"url":"http:\/\/distilleryimage0.s3.amazonaws.com\/a9b1aafc440611e3a3dd22000ae81e0c_6.jpg","width":306,"height":306},"thumbnail":{"url":"http:\/\/distilleryimage0.s3.amazonaws.com\/a9b1aafc440611e3a3dd22000ae81e0c_5.jpg","width":150,"height":150},"standard_resolution":{"url":"http:\/\/distilleryimage0.s3.amazonaws.com\/a9b1aafc440611e3a3dd22000ae81e0c_8.jpg","width":640,"height":640}},"users_in_photo":[],"caption":{"created_time":"1383428169","text":"Department of Water and Power #DWP #DTLA #DepartmentOfWaterAndPower #WaterAndPower #JohnFerraroBuilding  #IconicDTLA #LADWP #LACity #Architecture #Design #Iconic #Corbusier #Cantilever #FloorSlabs #LA","from":{"username":"archlifephotography","profile_picture":"http:\/\/images.ak.instagram.com\/profiles\/profile_20371735_75sq_1382562375.jpg","id":"20371735","full_name":"Vajra Hodges"},"id":"580560019491856473"},"user_has_liked":false,"id":"580559572395827292_20371735","user":{"username":"archlifephotography","website":"","profile_picture":"http:\/\/images.ak.instagram.com\/profiles\/profile_20371735_75sq_1382562375.jpg","full_name":"Vajra Hodges","bio":"","id":"20371735"}},{"attribution":null,"tags":["elevation","lacity","cantilever","dtla","modern","whpstraightfacades","iconic","design","waterandpower","johnferrarobuilding","facade","corbusier","ladwp","dwp","la","pattern","floorslabs","departmentofwaterandpower","architect","architecture","machineforliving","iconicdtla"],"type":"image","location":{"latitude":34.047287787,"name":"Downtown Los Angeles","longitude":-118.256079905,"id":7521329},"comments":{"count":2,"data":[{"created_time":"1383428501","text":"#Facade #Elevation #Pattern","from":{"username":"archlifephotography","profile_picture":"http:\/\/images.ak.instagram.com\/profiles\/profile_20371735_75sq_1382562375.jpg","id":"20371735","full_name":"Vajra Hodges"},"id":"580562803905732848"},{"created_time":"1384809309","text":"#WHPstraightfacades","from":{"username":"archlifephotography","profile_picture":"http:\/\/images.ak.instagram.com\/profiles\/profile_20371735_75sq_1382562375.jpg","id":"20371735","full_name":"Vajra Hodges"},"id":"592145869723870020"}]},"filter":"Toaster","created_time":"1383428279","link":"http:\/\/instagram.com\/p\/gOkRqtGyCE\/","likes":{"count":28,"data":[{"username":"modernhepcat","profile_picture":"http:\/\/images.ak.instagram.com\/profiles\/profile_13188832_75sq_1361009308.jpg","id":"13188832","full_name":"David+RP"},{"username":"paoloumana","profile_picture":"http:\/\/images.ak.instagram.com\/profiles\/profile_498316793_75sq_1384375259.jpg","id":"498316793","full_name":"Paolo Umana"},{"username":"robertomoita","profile_picture":"http:\/\/images.ak.instagram.com\/profiles\/profile_17668260_75sq_1366416866.jpg","id":"17668260","full_name":"robertomoita"},{"username":"mansilla77","profile_picture":"http:\/\/images.ak.instagram.com\/profiles\/profile_285880127_75sq_1386107452.jpg","id":"285880127","full_name":"Marcelo  Mansilla - Olivares"}]},"images":{"low_resolution":{"url":"http:\/\/distilleryimage8.s3.amazonaws.com\/0b47ef2e440711e385ea22000a1fb8ef_6.jpg","width":306,"height":306},"thumbnail":{"url":"http:\/\/distilleryimage8.s3.amazonaws.com\/0b47ef2e440711e385ea22000a1fb8ef_5.jpg","width":150,"height":150},"standard_resolution":{"url":"http:\/\/distilleryimage8.s3.amazonaws.com\/0b47ef2e440711e385ea22000a1fb8ef_8.jpg","width":640,"height":640}},"users_in_photo":[],"caption":{"created_time":"1383428414","text":"Department of Water and Power #DWP #DTLA #DepartmentOfWaterAndPower #WaterAndPower #JohnFerraroBuilding  #IconicDTLA #LADWP #LACity #Architecture #Architect #Modern #Design #Iconic #Corbusier #MachineForLiving #Cantilever #FloorSlabs #LA","from":{"username":"archlifephotography","profile_picture":"http:\/\/images.ak.instagram.com\/profiles\/profile_20371735_75sq_1382562375.jpg","id":"20371735","full_name":"Vajra Hodges"},"id":"580562078224031944"},"user_has_liked":false,"id":"580560945736786052_20371735","user":{"username":"archlifephotography","website":"","profile_picture":"http:\/\/images.ak.instagram.com\/profiles\/profile_20371735_75sq_1382562375.jpg","full_name":"Vajra Hodges","bio":"","id":"20371735"}},{"attribution":null,"tags":["beachhotel","allhale","distribution","afm2013","whpstraightfacades","waterfeature","agent","allhalemovie","design","hollywoodreporter","loewshotel","filmfestival","film","santamonica","afm","financiers","fimmarket","loews","variety","whpliquidlandscape","fountain","architecture","outdoorlighting","salesagent","americanfilmmarket","thehotelreview"],"type":"image","location":{"latitude":34.008842669,"name":"Loews Santa Monica Beach Hotel","longitude":-118.49342823,"id":64330},"comments":{"count":6,"data":[{"created_time":"1384119540","text":"#Variety #HollywoodReporter #FimMarket #Architecture #LoewsHotel #Loews #SantaMonica #BeachHotel #Film #FilmFestival #Design #OutdoorLighting #Fountain #WaterFeature #AllHaleMovie #AllHale #Financiers #Distribution #SalesAgent #Agent","from":{"username":"archlifephotography","profile_picture":"http:\/\/images.ak.instagram.com\/profiles\/profile_20371735_75sq_1382562375.jpg","id":"20371735","full_name":"Vajra Hodges"},"id":"586359659961196798"},{"created_time":"1384125903","text":"#AllHaleMovie","from":{"username":"archlifephotography","profile_picture":"http:\/\/images.ak.instagram.com\/profiles\/profile_20371735_75sq_1382562375.jpg","id":"20371735","full_name":"Vajra Hodges"},"id":"586413038301291428"},{"created_time":"1384126836","text":"#AFM2013","from":{"username":"archlifephotography","profile_picture":"http:\/\/images.ak.instagram.com\/profiles\/profile_20371735_75sq_1382562375.jpg","id":"20371735","full_name":"Vajra Hodges"},"id":"586420863916253512"},{"created_time":"1384809298","text":"#WHPstraightfacades","from":{"username":"archlifephotography","profile_picture":"http:\/\/images.ak.instagram.com\/profiles\/profile_20371735_75sq_1382562375.jpg","id":"20371735","full_name":"Vajra Hodges"},"id":"592145776065061693"},{"created_time":"1386096673","text":"#TheHotelReview","from":{"username":"archlifephotography","profile_picture":"http:\/\/images.ak.instagram.com\/profiles\/profile_20371735_75sq_1382562375.jpg","id":"20371735","full_name":"Vajra Hodges"},"id":"602945054458978821"},{"created_time":"1386372391","text":"#WHPliquidlandscape","from":{"username":"archlifephotography","profile_picture":"http:\/\/images.ak.instagram.com\/profiles\/profile_20371735_75sq_1382562375.jpg","id":"20371735","full_name":"Vajra Hodges"},"id":"605257947003167720"}]},"filter":"Brannan","created_time":"1384118935","link":"http:\/\/instagram.com\/p\/gjJmPDmyHX\/","likes":{"count":13,"data":[{"username":"furnitureporn","profile_picture":"http:\/\/images.ak.instagram.com\/profiles\/profile_361538441_75sq_1383716669.jpg","id":"361538441","full_name":"furnitureporn"},{"username":"asib2","profile_picture":"http:\/\/images.ak.instagram.com\/profiles\/profile_24960148_75sq_1383006592.jpg","id":"24960148","full_name":"\ud83d\udc8e Anthony Sibley \ud83d\udc8e"},{"username":"mydearwatson13","profile_picture":"http:\/\/images.ak.instagram.com\/profiles\/profile_5994742_75sq_1366946940.jpg","id":"5994742","full_name":"Serena"},{"username":"ryfishii","profile_picture":"http:\/\/images.ak.instagram.com\/profiles\/profile_3831073_75sq_1356273308.jpg","id":"3831073","full_name":"Ryan"}]},"images":{"low_resolution":{"url":"http:\/\/distilleryimage7.s3.amazonaws.com\/1a3610264a4f11e391180ed4ff970c93_6.jpg","width":306,"height":306},"thumbnail":{"url":"http:\/\/distilleryimage7.s3.amazonaws.com\/1a3610264a4f11e391180ed4ff970c93_5.jpg","width":150,"height":150},"standard_resolution":{"url":"http:\/\/distilleryimage7.s3.amazonaws.com\/1a3610264a4f11e391180ed4ff970c93_8.jpg","width":640,"height":640}},"users_in_photo":[],"caption":{"created_time":"1384119130","text":"The American Film Market is in full swing! Who else is attending? #AmericanFilmMarket #AFM","from":{"username":"archlifephotography","profile_picture":"http:\/\/images.ak.instagram.com\/profiles\/profile_20371735_75sq_1382562375.jpg","id":"20371735","full_name":"Vajra Hodges"},"id":"586356221596606512"},"user_has_liked":false,"id":"586354586413638103_20371735","user":{"username":"archlifephotography","website":"","profile_picture":"http:\/\/images.ak.instagram.com\/profiles\/profile_20371735_75sq_1382562375.jpg","full_name":"Vajra Hodges","bio":"","id":"20371735"}},{"attribution":null,"tags":["ivyblanket","oldgrowth","windows","residential","3rdstreetpromenade","whpstraightfacades","apartmentbuilding","overgrown","architecture","facade","ivycladfacade","ivy","ivyfacade","ivycoveredfacade","santamonica"],"type":"image","location":{"latitude":34.016081817,"name":"Third Street Promenade","longitude":-118.496743441,"id":3000366},"comments":{"count":2,"data":[{"created_time":"1384301087","text":"Ivy Clad Facade in Santa Monica #Facade #Ivy #IvyCoveredFacade #Windows #IvyBlanket #IvyFacade #Architecture #SantaMonica #Overgrown #IvyCladFacade #ApartmentBuilding #Residential #Architecture #3rdStreetPromenade #OldGrowth","from":{"username":"archlifephotography","profile_picture":"http:\/\/images.ak.instagram.com\/profiles\/profile_20371735_75sq_1382562375.jpg","id":"20371735","full_name":"Vajra Hodges"},"id":"587882590931460366"},{"created_time":"1384809281","text":"#WHPstraightfacades","from":{"username":"archlifephotography","profile_picture":"http:\/\/images.ak.instagram.com\/profiles\/profile_20371735_75sq_1382562375.jpg","id":"20371735","full_name":"Vajra Hodges"},"id":"592145629868401459"}]},"filter":"Lord Kelvin","created_time":"1384299724","link":"http:\/\/instagram.com\/p\/goibM3myPQ\/","likes":{"count":38,"data":[{"username":"_mauriciog","profile_picture":"http:\/\/images.ak.instagram.com\/profiles\/profile_26530587_75sq_1378435928.jpg","id":"26530587","full_name":"Mauricio G\u00fcitr\u00f3n Pi\u00f1a"},{"username":"jmallyon","profile_picture":"http:\/\/images.ak.instagram.com\/profiles\/profile_244212956_75sq_1352034076.jpg","id":"244212956","full_name":"Jane Mallyon"},{"username":"bernatcp","profile_picture":"http:\/\/images.ak.instagram.com\/profiles\/profile_213130725_75sq_1381826288.jpg","id":"213130725","full_name":"Bernat, c'est un plaisir"},{"username":"cimkedi","profile_picture":"http:\/\/images.ak.instagram.com\/profiles\/profile_983011_75sq_1373712741.jpg","id":"983011","full_name":"Yener Torun"}]},"images":{"low_resolution":{"url":"http:\/\/distilleryimage4.s3.amazonaws.com\/08d46caa4bf411e3bc681220b546701f_6.jpg","width":306,"height":306},"thumbnail":{"url":"http:\/\/distilleryimage4.s3.amazonaws.com\/08d46caa4bf411e3bc681220b546701f_5.jpg","width":150,"height":150},"standard_resolution":{"url":"http:\/\/distilleryimage4.s3.amazonaws.com\/08d46caa4bf411e3bc681220b546701f_8.jpg","width":640,"height":640}},"users_in_photo":[],"caption":null,"user_has_liked":false,"id":"587871154196915152_20371735","user":{"username":"archlifephotography","website":"","profile_picture":"http:\/\/images.ak.instagram.com\/profiles\/profile_20371735_75sq_1382562375.jpg","full_name":"Vajra Hodges","bio":"","id":"20371735"}}]}