{"meta":{"code":200},"data":[{"attribution":null,"tags":["we_love_this_pic","sumaysiguenos","ig_bogota","ig_costarica","rsa_windows","doorstagramer","doorsofdistinction","ketsourinemacarons","whpstraightfacades","4simply4","lebanon_hdr","canariasgrafias","ig_amore","rsa_doorsandwindows","latituddevida","ig_lebanon","sundoors","wearelebanon","heyfred_lookatthis","rsa_doors","soul_curry"],"type":"image","location":null,"comments":{"count":19,"data":[{"created_time":"1385475216","text":"@carmendelagua  jajaja ! Lo malo es que a quien se los pongo es a mi misma, los demas son todos libres !! Jaja ! Besos guapa !","from":{"username":"lidiabc","profile_picture":"http:\/\/images.ak.instagram.com\/profiles\/profile_408194720_75sq_1374713919.jpg","id":"408194720","full_name":"Lidiabc"},"id":"597731901046375772"},{"created_time":"1385476352","text":"Yo me encadeno contigo al fin del mundo si hace falta!!!! Eres grande Lidia!!! Un besote reina!!! La foto espectacular!!!!!","from":{"username":"pekipeli","profile_picture":"http:\/\/images.ak.instagram.com\/profiles\/profile_202846475_75sq_1376589220.jpg","id":"202846475","full_name":"N\u00e9lida Espadas"},"id":"597741423131477683"},{"created_time":"1385476896","text":"@pekipeli  que linda eres hija ! Asi cuando no apareces se te echa tanto de menos ! Pues eres un sol de ni\u00f1a ! Pues nos encadenamos y reivindicamos algo !jaja ! Grande tu ! Un besote grandotote !! Guapisima !","from":{"username":"lidiabc","profile_picture":"http:\/\/images.ak.instagram.com\/profiles\/profile_408194720_75sq_1374713919.jpg","id":"408194720","full_name":"Lidiabc"},"id":"597745990627870578"},{"created_time":"1385498659","text":"Muy bonita,  y  original Lidia","from":{"username":"rosanaparis3","profile_picture":"http:\/\/images.ak.instagram.com\/profiles\/profile_303132858_75sq_1365879645.jpg","id":"303132858","full_name":"Rosana Etoile"},"id":"597928552801355504"},{"created_time":"1385504123","text":"Buenas noches preciosa! No te encadenes, s\u00f3lo la puerta. ;)","from":{"username":"armo3ia","profile_picture":"http:\/\/images.ak.instagram.com\/profiles\/profile_361458695_75sq_1382812949.jpg","id":"361458695","full_name":"Armo3!a"},"id":"597974386150589517"},{"created_time":"1385509429","text":"@rosanaparis3  gracias guapa ! Buenas noches !besitos !","from":{"username":"lidiabc","profile_picture":"http:\/\/images.ak.instagram.com\/profiles\/profile_408194720_75sq_1374713919.jpg","id":"408194720","full_name":"Lidiabc"},"id":"598018899359417442"},{"created_time":"1385509526","text":"@armo3ia buenas noches amiga ! No , por nadie clarisimo, yo sola a veces ! Jaja ! Besos guapisima !!","from":{"username":"lidiabc","profile_picture":"http:\/\/images.ak.instagram.com\/profiles\/profile_408194720_75sq_1374713919.jpg","id":"408194720","full_name":"Lidiabc"},"id":"598019710697194638"},{"created_time":"1385510321","text":"Y bien!!! ;-) Buenas noches encanto!!","from":{"username":"lunitab","profile_picture":"http:\/\/images.ak.instagram.com\/profiles\/profile_36157669_75sq_1383870321.jpg","id":"36157669","full_name":"Cristina"},"id":"598026381737706975"}]},"filter":"Normal","created_time":"1385426338","link":"http:\/\/instagram.com\/p\/hKHRSpScSG\/","likes":{"count":39,"data":[{"username":"williamripe","profile_picture":"http:\/\/images.ak.instagram.com\/profiles\/profile_291895384_75sq_1370749348.jpg","id":"291895384","full_name":"Guillaume M\u00fbr"},{"username":"rosanaparis3","profile_picture":"http:\/\/images.ak.instagram.com\/profiles\/profile_303132858_75sq_1365879645.jpg","id":"303132858","full_name":"Rosana Etoile"},{"username":"lunitab","profile_picture":"http:\/\/images.ak.instagram.com\/profiles\/profile_36157669_75sq_1383870321.jpg","id":"36157669","full_name":"Cristina"},{"username":"armo3ia","profile_picture":"http:\/\/images.ak.instagram.com\/profiles\/profile_361458695_75sq_1382812949.jpg","id":"361458695","full_name":"Armo3!a"}]},"images":{"low_resolution":{"url":"http:\/\/distilleryimage10.s3.amazonaws.com\/22f26f08563311e38a2d121a7ff3b48e_6.jpg","width":306,"height":306},"thumbnail":{"url":"http:\/\/distilleryimage10.s3.amazonaws.com\/22f26f08563311e38a2d121a7ff3b48e_5.jpg","width":150,"height":150},"standard_resolution":{"url":"http:\/\/distilleryimage10.s3.amazonaws.com\/22f26f08563311e38a2d121a7ff3b48e_8.jpg","width":640,"height":640}},"users_in_photo":[],"caption":{"created_time":"1385426353","text":"Encadenada !","from":{"username":"lidiabc","profile_picture":"http:\/\/images.ak.instagram.com\/profiles\/profile_408194720_75sq_1374713919.jpg","id":"408194720","full_name":"Lidiabc"},"id":"597322006941779299"},"user_has_liked":false,"id":"597321875156747398_408194720","user":{"username":"lidiabc","website":"","profile_picture":"http:\/\/images.ak.instagram.com\/profiles\/profile_408194720_75sq_1374713919.jpg","full_name":"Lidiabc","bio":"","id":"408194720"}},{"attribution":null,"tags":["sumaysiguenos","ketsourinemacarons","rsa_windows","cool_sunshotz","whpstraightfacades","4simply4","lebanon_hdr","wearelebanon","ig_anzoategui","estaes_de_todo","heyfred_lookatthis","ig_lebanon","estaes_canarias","ig_bogota","ig_costarica","soul_curry","doorsofdistinction","latituddevida","downgrafias","ig_amore","rsa_doorsandwindows","canariasgrafias","sundoors","lamploversoftheworldunite","rsa_doors"],"type":"image","location":null,"comments":{"count":12,"data":[{"created_time":"1385424777","text":"#ig_amore #ig_anzoategui","from":{"username":"lidiabc","profile_picture":"http:\/\/images.ak.instagram.com\/profiles\/profile_408194720_75sq_1374713919.jpg","id":"408194720","full_name":"Lidiabc"},"id":"597308786009032382"},{"created_time":"1385424879","text":"#soul_curry #ig_lebanon #","from":{"username":"lidiabc","profile_picture":"http:\/\/images.ak.instagram.com\/profiles\/profile_408194720_75sq_1374713919.jpg","id":"408194720","full_name":"Lidiabc"},"id":"597309637385635565"},{"created_time":"1385424912","text":"#cool_sunshotz","from":{"username":"lidiabc","profile_picture":"http:\/\/images.ak.instagram.com\/profiles\/profile_408194720_75sq_1374713919.jpg","id":"408194720","full_name":"Lidiabc"},"id":"597309913991595769"},{"created_time":"1385426029","text":"#whpstraightfacades","from":{"username":"lidiabc","profile_picture":"http:\/\/images.ak.instagram.com\/profiles\/profile_408194720_75sq_1374713919.jpg","id":"408194720","full_name":"Lidiabc"},"id":"597319287933879510"},{"created_time":"1385428431","text":"#ig_costarica #ig_bogota","from":{"username":"lidiabc","profile_picture":"http:\/\/images.ak.instagram.com\/profiles\/profile_408194720_75sq_1374713919.jpg","id":"408194720","full_name":"Lidiabc"},"id":"597339436422382906"},{"created_time":"1385453679","text":"Ya tocaste? ???","from":{"username":"anapinolere","profile_picture":"http:\/\/images.ak.instagram.com\/profiles\/profile_345016460_75sq_1382709009.jpg","id":"345016460","full_name":"Ana P\u00e9rez"},"id":"597551231376410487"},{"created_time":"1385459452","text":"@anapinolere  pues no, seguro no hay nadie ! Jaja !","from":{"username":"lidiabc","profile_picture":"http:\/\/images.ak.instagram.com\/profiles\/profile_408194720_75sq_1374713919.jpg","id":"408194720","full_name":"Lidiabc"},"id":"597599660790105907"},{"created_time":"1385459477","text":"#downgrafias #doorsofdistinction","from":{"username":"lidiabc","profile_picture":"http:\/\/images.ak.instagram.com\/profiles\/profile_408194720_75sq_1374713919.jpg","id":"408194720","full_name":"Lidiabc"},"id":"597599868701755190"}]},"filter":"Lo-fi","created_time":"1385424087","link":"http:\/\/instagram.com\/p\/hKC-hcycb0\/","likes":{"count":37,"data":[{"username":"heyfred_lookatthis","profile_picture":"http:\/\/images.ak.instagram.com\/profiles\/profile_145155368_75sq_1386595105.jpg","id":"145155368","full_name":"Challenges, Features \u0026 Info!"},{"username":"ceyhanhirons","profile_picture":"http:\/\/images.ak.instagram.com\/profiles\/profile_500364820_75sq_1384154010.jpg","id":"500364820","full_name":"Ceyhan Hirons"},{"username":"mcpepito","profile_picture":"http:\/\/images.ak.instagram.com\/profiles\/profile_215454869_75sq_1379856834.jpg","id":"215454869","full_name":"mcpepito"},{"username":"ankakojek","profile_picture":"http:\/\/images.ak.instagram.com\/profiles\/profile_342028413_75sq_1368816752.jpg","id":"342028413","full_name":"Anka"}]},"images":{"low_resolution":{"url":"http:\/\/distilleryimage4.s3.amazonaws.com\/e54da348562d11e393820e911814c01d_6.jpg","width":306,"height":306},"thumbnail":{"url":"http:\/\/distilleryimage4.s3.amazonaws.com\/e54da348562d11e393820e911814c01d_5.jpg","width":150,"height":150},"standard_resolution":{"url":"http:\/\/distilleryimage4.s3.amazonaws.com\/e54da348562d11e393820e911814c01d_8.jpg","width":640,"height":640}},"users_in_photo":[],"caption":{"created_time":"1385424098","text":"Puerta!","from":{"username":"lidiabc","profile_picture":"http:\/\/images.ak.instagram.com\/profiles\/profile_408194720_75sq_1374713919.jpg","id":"408194720","full_name":"Lidiabc"},"id":"597303090421024137"},"user_has_liked":false,"id":"597302993197057780_408194720","user":{"username":"lidiabc","website":"","profile_picture":"http:\/\/images.ak.instagram.com\/profiles\/profile_408194720_75sq_1374713919.jpg","full_name":"Lidiabc","bio":"","id":"408194720"}},{"attribution":null,"tags":["sumaysiguenos","estaes_canarias","ig_bogota","ig_costarica","rsa_windows","doorsofdistinction","soul_curry","whpstraightfacades","4simply4","lebanon_hdr","ig_lebanon","ig_amore","rsa_doorsandwindows","doorstagramer","canariasgrafias","sundoors","wearelebanon","heyfred_lookatthis","rsa_doors","ketsourinemacarons","latituddevida"],"type":"image","location":null,"comments":{"count":19,"data":[{"created_time":"1385428465","text":"#ig_costarica #ig_bogota","from":{"username":"lidiabc","profile_picture":"http:\/\/images.ak.instagram.com\/profiles\/profile_408194720_75sq_1374713919.jpg","id":"408194720","full_name":"Lidiabc"},"id":"597339719386907981"},{"created_time":"1385453637","text":"Preciosa! !!!","from":{"username":"anapinolere","profile_picture":"http:\/\/images.ak.instagram.com\/profiles\/profile_345016460_75sq_1382709009.jpg","id":"345016460","full_name":"Ana P\u00e9rez"},"id":"597550882913634156"},{"created_time":"1385459402","text":"@anapinolere  gracias guapa !","from":{"username":"lidiabc","profile_picture":"http:\/\/images.ak.instagram.com\/profiles\/profile_408194720_75sq_1374713919.jpg","id":"408194720","full_name":"Lidiabc"},"id":"597599236737582890"},{"created_time":"1385459416","text":"#doorstagramer #doorsofdistinction","from":{"username":"lidiabc","profile_picture":"http:\/\/images.ak.instagram.com\/profiles\/profile_408194720_75sq_1374713919.jpg","id":"408194720","full_name":"Lidiabc"},"id":"597599359571969836"},{"created_time":"1385654583","text":"muy bonita..!!!","from":{"username":"margapeblas","profile_picture":"http:\/\/images.ak.instagram.com\/profiles\/profile_356437472_75sq_1377883888.jpg","id":"356437472","full_name":"marga"},"id":"599236533862123444"},{"created_time":"1385663299","text":"@margapeblas  gracias !!! Guapa !","from":{"username":"lidiabc","profile_picture":"http:\/\/images.ak.instagram.com\/profiles\/profile_408194720_75sq_1374713919.jpg","id":"408194720","full_name":"Lidiabc"},"id":"599309651829966350"},{"created_time":"1385746503","text":"Q bonitas cieli!!","from":{"username":"begotxi","profile_picture":"http:\/\/images.ak.instagram.com\/profiles\/profile_310147699_75sq_1370615760.jpg","id":"310147699","full_name":"begotxi"},"id":"600007615590287254"},{"created_time":"1385748875","text":"@begotxi  sabes que me gustan ventanas y puertas cuanto mas viejas mejor, gracias guapa ! P","from":{"username":"lidiabc","profile_picture":"http:\/\/images.ak.instagram.com\/profiles\/profile_408194720_75sq_1374713919.jpg","id":"408194720","full_name":"Lidiabc"},"id":"600027513620121438"}]},"filter":"Lo-fi","created_time":"1385424607","link":"http:\/\/instagram.com\/p\/hKD-F4ycdK\/","likes":{"count":39,"data":[{"username":"heyfred_lookatthis","profile_picture":"http:\/\/images.ak.instagram.com\/profiles\/profile_145155368_75sq_1386595105.jpg","id":"145155368","full_name":"Challenges, Features \u0026 Info!"},{"username":"begotxi","profile_picture":"http:\/\/images.ak.instagram.com\/profiles\/profile_310147699_75sq_1370615760.jpg","id":"310147699","full_name":"begotxi"},{"username":"ceyhanhirons","profile_picture":"http:\/\/images.ak.instagram.com\/profiles\/profile_500364820_75sq_1384154010.jpg","id":"500364820","full_name":"Ceyhan Hirons"},{"username":"mcpepito","profile_picture":"http:\/\/images.ak.instagram.com\/profiles\/profile_215454869_75sq_1379856834.jpg","id":"215454869","full_name":"mcpepito"}]},"images":{"low_resolution":{"url":"http:\/\/distilleryimage10.s3.amazonaws.com\/1bb2956e562f11e3a9b012caf79f2cdf_6.jpg","width":306,"height":306},"thumbnail":{"url":"http:\/\/distilleryimage10.s3.amazonaws.com\/1bb2956e562f11e3a9b012caf79f2cdf_5.jpg","width":150,"height":150},"standard_resolution":{"url":"http:\/\/distilleryimage10.s3.amazonaws.com\/1bb2956e562f11e3a9b012caf79f2cdf_8.jpg","width":640,"height":640}},"users_in_photo":[],"caption":{"created_time":"1385424623","text":"Miremos a ver !","from":{"username":"lidiabc","profile_picture":"http:\/\/images.ak.instagram.com\/profiles\/profile_408194720_75sq_1374713919.jpg","id":"408194720","full_name":"Lidiabc"},"id":"597307492032693879"},"user_has_liked":false,"id":"597307361648559946_408194720","user":{"username":"lidiabc","website":"","profile_picture":"http:\/\/images.ak.instagram.com\/profiles\/profile_408194720_75sq_1374713919.jpg","full_name":"Lidiabc","bio":"","id":"408194720"}},{"attribution":null,"tags":["urban","blabla","city","whpstraightfacades","vscocam","milano"],"type":"image","location":{"latitude":45.467237801,"name":"Istituto Marangoni","longitude":9.193861485,"id":940115},"comments":{"count":0,"data":[]},"filter":"Normal","created_time":"1385425260","link":"http:\/\/instagram.com\/p\/hKFNuqqDt5\/","likes":{"count":44,"data":[{"username":"valeriyegorov","profile_picture":"http:\/\/images.ak.instagram.com\/profiles\/profile_420995976_75sq_1382207077.jpg","id":"420995976","full_name":"Valeriy Egorov"},{"username":"ummieammirahadhwa","profile_picture":"http:\/\/images.ak.instagram.com\/profiles\/profile_501182865_75sq_1386546701.jpg","id":"501182865","full_name":"UAA , 18"},{"username":"fathidanial","profile_picture":"http:\/\/images.ak.instagram.com\/profiles\/profile_235710155_75sq_1384336693.jpg","id":"235710155","full_name":"Fathi Danial S."},{"username":"minimalistik","profile_picture":"http:\/\/images.ak.instagram.com\/profiles\/profile_29299425_75sq_1383286243.jpg","id":"29299425","full_name":"K m"}]},"images":{"low_resolution":{"url":"http:\/\/distilleryimage5.s3.amazonaws.com\/a08e660e563011e3b8c60af4fea6d989_6.jpg","width":306,"height":306},"thumbnail":{"url":"http:\/\/distilleryimage5.s3.amazonaws.com\/a08e660e563011e3b8c60af4fea6d989_5.jpg","width":150,"height":150},"standard_resolution":{"url":"http:\/\/distilleryimage5.s3.amazonaws.com\/a08e660e563011e3b8c60af4fea6d989_8.jpg","width":640,"height":640}},"users_in_photo":[],"caption":{"created_time":"1385425328","text":"#vscocam #milano #urban #whpstraightfacades #city #blabla","from":{"username":"federicafo_","profile_picture":"http:\/\/images.ak.instagram.com\/profiles\/profile_261962573_75sq_1383513943.jpg","id":"261962573","full_name":"Federica Folino"},"id":"597313405822974033"},"user_has_liked":false,"id":"597312834273557369_261962573","user":{"username":"federicafo_","website":"","profile_picture":"http:\/\/images.ak.instagram.com\/profiles\/profile_261962573_75sq_1383513943.jpg","full_name":"Federica Folino","bio":"","id":"261962573"}},{"attribution":null,"tags":["igerslleida","windows_aroundtheworld","doorsondoors","we_love_this_pic","enviedecatalogne","precious_graffiti","ig_barcelona","whpstraightfacades","lebanon_hdr","ametllademar","piretania","sundoors_spain","ikg_photos","doorknobitry","turismeametllademar","hablamesinpalabras","elmeupetit_pais","gaudeix_cat","anapilar_angel","doorsofdistinction","igerstgn","bd_photo","world_shotz","catalunyaexperience","panacea4panache","descobreixcatalunya","clikcat","explayes","ig_girona"],"type":"image","location":{"latitude":40.8854723,"name":"Reus","longitude":0.8041793,"id":160433922},"comments":{"count":4,"data":[{"created_time":"1385419534","text":"#windows_aroundtheworld  #bd_photo #ikg_photos  #explayes","from":{"username":"clarasantiago53","profile_picture":"http:\/\/images.ak.instagram.com\/profiles\/profile_362103628_75sq_1368563111.jpg","id":"362103628","full_name":"clara"},"id":"597264804561335419"},{"created_time":"1385419663","text":"#we_love_this_pic  #world_shotz #hablamesinpalabras","from":{"username":"clarasantiago53","profile_picture":"http:\/\/images.ak.instagram.com\/profiles\/profile_362103628_75sq_1368563111.jpg","id":"362103628","full_name":"clara"},"id":"597265881641825471"},{"created_time":"1385447100","text":"A veure si hi ha sort!!!","from":{"username":"rosavinyals","profile_picture":"http:\/\/images.ak.instagram.com\/profiles\/profile_190905020_75sq_1385557340.jpg","id":"190905020","full_name":"rosavinyals"},"id":"597496040751937463"},{"created_time":"1386120334","text":"Wonderful shot!! And very interesting how this  image lures the viewer into the scene. I invite you to #luremein if you wish, and please visit our featured artists @luremein.\ud83c\udf39\ud83c\udf39\u2764\ud83d\udc49\ud83d\udc95.","from":{"username":"paulalombardo","profile_picture":"http:\/\/images.ak.instagram.com\/profiles\/profile_180125974_75sq_1341117241.jpg","id":"180125974","full_name":"paulalombardo"},"id":"603143537381914314"}]},"filter":"Normal","created_time":"1385417839","link":"http:\/\/instagram.com\/p\/hJ3D2EuLSe\/","likes":{"count":108,"data":[{"username":"pepsurroca","profile_picture":"http:\/\/images.ak.instagram.com\/profiles\/profile_31988488_75sq_1336333365.jpg","id":"31988488","full_name":"Pep Surroca"},{"username":"merchep68","profile_picture":"http:\/\/images.ak.instagram.com\/profiles\/profile_231253665_75sq_1383763740.jpg","id":"231253665","full_name":"Merche PJ"},{"username":"gracindacourela","profile_picture":"http:\/\/images.ak.instagram.com\/profiles\/profile_424733083_75sq_1371679636.jpg","id":"424733083","full_name":"Gracinda Courela"},{"username":"momposin","profile_picture":"http:\/\/images.ak.instagram.com\/profiles\/profile_10681911_75sq_1379752826.jpg","id":"10681911","full_name":"Juan  Antonio Mompo"}]},"images":{"low_resolution":{"url":"http:\/\/distilleryimage2.s3.amazonaws.com\/594b2644561f11e3935b0e0fc7b4abc1_6.jpg","width":306,"height":306},"thumbnail":{"url":"http:\/\/distilleryimage2.s3.amazonaws.com\/594b2644561f11e3935b0e0fc7b4abc1_5.jpg","width":150,"height":150},"standard_resolution":{"url":"http:\/\/distilleryimage2.s3.amazonaws.com\/594b2644561f11e3935b0e0fc7b4abc1_8.jpg","width":640,"height":640}},"users_in_photo":[],"caption":{"created_time":"1385419354","text":"Com Reus m'ha portat sort , aqu\u00ed en va un altre  #doorsondoors #doorknobitry #panacea4panache #doorsofdistinction #whpstraightfacades #sundoors_spain #precious_graffiti#ametllademar #turismeametllademar #catalunyaexperience #descobreixcatalunya #igerstgn #ig_barcelona #ig_girona #igerslleida #Clikcat #elmeupetit_pais #gaudeix_cat #piretania#enviedecatalogne #lebanon_hdr  para ti #anapilar_angel buenas noches  Reus ( Catalunya )  molt bona nit","from":{"username":"clarasantiago53","profile_picture":"http:\/\/images.ak.instagram.com\/profiles\/profile_362103628_75sq_1368563111.jpg","id":"362103628","full_name":"clara"},"id":"597263295945684002"},"user_has_liked":false,"id":"597250582381114526_362103628","user":{"username":"clarasantiago53","website":"","profile_picture":"http:\/\/images.ak.instagram.com\/profiles\/profile_362103628_75sq_1368563111.jpg","full_name":"clara","bio":"","id":"362103628"}},{"attribution":null,"tags":["streetphotoperu","art","streetart","paintings","whpstraightfacades","igersperu","straightfacades","grafiti","street","graffiti"],"type":"image","location":{"latitude":-12.074894764,"longitude":-77.067517662},"comments":{"count":5,"data":[{"created_time":"1385412869","text":"#whpstraightfacades #straightfacades #graffiti #grafiti #streetart #street #art #paintings","from":{"username":"iancurtix","profile_picture":"http:\/\/images.ak.instagram.com\/profiles\/profile_547722622_75sq_1378746711.jpg","id":"547722622","full_name":"Sami Cueto"},"id":"597208896677412072"},{"created_time":"1385414026","text":"Nunca me canso de ver tus fotos!! Son todo! Me encantan!...sera por que Rees mi hermano??? Jajajjaa","from":{"username":"caticc","profile_picture":"http:\/\/images.ak.instagram.com\/profiles\/profile_179958467_75sq_1380491209.jpg","id":"179958467","full_name":"Caterine Cueto_Snelson"},"id":"597218601105686199"},{"created_time":"1385414606","text":"@caticc gracias chiqui \ud83d\ude1c","from":{"username":"iancurtix","profile_picture":"http:\/\/images.ak.instagram.com\/profiles\/profile_547722622_75sq_1378746711.jpg","id":"547722622","full_name":"Sami Cueto"},"id":"597223462597623707"},{"created_time":"1385419858","text":"\u270c\ud83d\udc4c","from":{"username":"maitebonache","profile_picture":"http:\/\/images.ak.instagram.com\/profiles\/profile_520447301_75sq_1382200897.jpg","id":"520447301","full_name":"Maite"},"id":"597267523257826420"},{"created_time":"1385604746","text":"#igersperu #streetphotoperu","from":{"username":"iancurtix","profile_picture":"http:\/\/images.ak.instagram.com\/profiles\/profile_547722622_75sq_1378746711.jpg","id":"547722622","full_name":"Sami Cueto"},"id":"598818473059613707"}]},"filter":"Lo-fi","created_time":"1385412774","link":"http:\/\/instagram.com\/p\/hJtZnDqP54\/","likes":{"count":33,"data":[{"username":"psykerom","profile_picture":"http:\/\/images.ak.instagram.com\/profiles\/profile_372002360_75sq_1368028883.jpg","id":"372002360","full_name":"psykerom"},{"username":"afghanwedding_","profile_picture":"http:\/\/images.ak.instagram.com\/profiles\/profile_279733513_75sq_1386258705.jpg","id":"279733513","full_name":"@Afghanwedding_"},{"username":"laulage","profile_picture":"http:\/\/images.ak.instagram.com\/profiles\/profile_240273732_75sq_1385974623.jpg","id":"240273732","full_name":"Laura Lage"},{"username":"renhoeck","profile_picture":"http:\/\/images.ak.instagram.com\/profiles\/profile_30880489_75sq_1384849426.jpg","id":"30880489","full_name":"Eric Herrera"}]},"images":{"low_resolution":{"url":"http:\/\/distilleryimage0.s3.amazonaws.com\/8e90e714561311e3977412e829fefa95_6.jpg","width":306,"height":306},"thumbnail":{"url":"http:\/\/distilleryimage0.s3.amazonaws.com\/8e90e714561311e3977412e829fefa95_5.jpg","width":150,"height":150},"standard_resolution":{"url":"http:\/\/distilleryimage0.s3.amazonaws.com\/8e90e714561311e3977412e829fefa95_8.jpg","width":640,"height":640}},"users_in_photo":[],"caption":{"created_time":"1385412789","text":"Street art.","from":{"username":"iancurtix","profile_picture":"http:\/\/images.ak.instagram.com\/profiles\/profile_547722622_75sq_1378746711.jpg","id":"547722622","full_name":"Sami Cueto"},"id":"597208217636371644"},"user_has_liked":false,"id":"597208097620557432_547722622","user":{"username":"iancurtix","website":"","profile_picture":"http:\/\/images.ak.instagram.com\/profiles\/profile_547722622_75sq_1378746711.jpg","full_name":"Sami Cueto","bio":"","id":"547722622"}},{"attribution":null,"tags":["tagstagramers","irox_bw","blackandwhite","ic_bw","whpstraightfacades","bandw","bw_lover","noirlovers","tagsta","bwbeauty","bw","nero","monochrome","bwoftheday","tagsta_bw","noir","blancinegre","bw_society","mono","nb","bnw","photoflair_bw","byn","monoart","black","bwstyles_gf","igersbnw","noiretblanc","white","blancoynegro"],"type":"image","location":null,"comments":{"count":4,"data":[{"created_time":"1384871394","text":"Killertoll....!!!","from":{"username":"juttap","profile_picture":"http:\/\/images.ak.instagram.com\/profiles\/profile_14170438_75sq_1366668188.jpg","id":"14170438","full_name":"juttap"},"id":"592666672776573371"},{"created_time":"1385394480","text":"#whpstraightfacades","from":{"username":"citizenuy","profile_picture":"http:\/\/images.ak.instagram.com\/profiles\/profile_39230987_75sq_1385552119.jpg","id":"39230987","full_name":"Michael Uruguay"},"id":"597054636826783761"},{"created_time":"1385404507","text":"#blackandwhite #bw #black #white #bnw #mono #nb #igersbnw #tagstagramers #bw_lover #monochrome #bwoftheday #blancinegre #blancoynegro #byn #bwstyles_gf #bwbeauty #bandw #irox_bw #noir #noiretblanc #noirlovers #nero #ic_bw #tagsta #tagsta_bw #bw_society #monoart","from":{"username":"citizenuy","profile_picture":"http:\/\/images.ak.instagram.com\/profiles\/profile_39230987_75sq_1385552119.jpg","id":"39230987","full_name":"Michael Uruguay"},"id":"597138750498107407"},{"created_time":"1385932753","text":"#photoflair_bw","from":{"username":"citizenuy","profile_picture":"http:\/\/images.ak.instagram.com\/profiles\/profile_39230987_75sq_1385552119.jpg","id":"39230987","full_name":"Michael Uruguay"},"id":"601569996770865930"}]},"filter":"Normal","created_time":"1384871178","link":"http:\/\/instagram.com\/p\/g5kY1Ej3D2\/","likes":{"count":54,"data":[{"username":"clarasantiago53","profile_picture":"http:\/\/images.ak.instagram.com\/profiles\/profile_362103628_75sq_1368563111.jpg","id":"362103628","full_name":"clara"},{"username":"asialaskowska","profile_picture":"http:\/\/images.ak.instagram.com\/profiles\/profile_215113124_75sq_1382544916.jpg","id":"215113124","full_name":"Asia Laskowska"},{"username":"yanina1927","profile_picture":"http:\/\/images.ak.instagram.com\/profiles\/profile_383957494_75sq_1386342849.jpg","id":"383957494","full_name":"\u042f\u043d\u0430"},{"username":"lorentest","profile_picture":"http:\/\/images.ak.instagram.com\/profiles\/profile_209518047_75sq_1381747590.jpg","id":"209518047","full_name":"Lorenzo testa"}]},"images":{"low_resolution":{"url":"http:\/\/distilleryimage2.s3.amazonaws.com\/8e40dce8512611e3a53212c7eaf3a6f9_6.jpg","width":306,"height":306},"thumbnail":{"url":"http:\/\/distilleryimage2.s3.amazonaws.com\/8e40dce8512611e3a53212c7eaf3a6f9_5.jpg","width":150,"height":150},"standard_resolution":{"url":"http:\/\/distilleryimage2.s3.amazonaws.com\/8e40dce8512611e3a53212c7eaf3a6f9_8.jpg","width":640,"height":640}},"users_in_photo":[],"caption":{"created_time":"1384871204","text":"Rio Palast. Noir.","from":{"username":"citizenuy","profile_picture":"http:\/\/images.ak.instagram.com\/profiles\/profile_39230987_75sq_1385552119.jpg","id":"39230987","full_name":"Michael Uruguay"},"id":"592665081415692668"},"user_has_liked":false,"id":"592664861902598390_39230987","user":{"username":"citizenuy","website":"","profile_picture":"http:\/\/images.ak.instagram.com\/profiles\/profile_39230987_75sq_1385552119.jpg","full_name":"Michael Uruguay","bio":"","id":"39230987"}},{"attribution":null,"tags":["tagstagramers","f4f","whpstraightfacades","4simply4","tagsta","follower","followher","follow","ifollow","me","followforfollow","teamfollowback","likeback","followall","followbackalways","alwaysfollowback","followers","pleasefollow","followbackteam","pleasefollowme","followme","straightfacade"],"type":"image","location":null,"comments":{"count":9,"data":[{"created_time":"1337739552","text":"Mi casa :D","from":{"username":"wisdoom","profile_picture":"http:\/\/images.ak.instagram.com\/profiles\/profile_38272038_75sq_1336377574.jpg","id":"38272038","full_name":"Giancarlo Beltramini"},"id":"197296121197850882"},{"created_time":"1337746234","text":"Muy buena!!","from":{"username":"mariluaaa","profile_picture":"http:\/\/images.ak.instagram.com\/profiles\/profile_19932790_75sq_1359995349.jpg","id":"19932790","full_name":"Maria Abu-ata"},"id":"197352173029258001"},{"created_time":"1337797964","text":"muchas gracias @ivantti y @mariluaaa","from":{"username":"citizenuy","profile_picture":"http:\/\/images.ak.instagram.com\/profiles\/profile_39230987_75sq_1385552119.jpg","id":"39230987","full_name":"Michael Uruguay"},"id":"197786122188714600"},{"created_time":"1337802230","text":"@citizenuy Merecido!!","from":{"username":"mariluaaa","profile_picture":"http:\/\/images.ak.instagram.com\/profiles\/profile_19932790_75sq_1359995349.jpg","id":"19932790","full_name":"Maria Abu-ata"},"id":"197821902672065528"},{"created_time":"1385394420","text":"#whpstraightfacades","from":{"username":"citizenuy","profile_picture":"http:\/\/images.ak.instagram.com\/profiles\/profile_39230987_75sq_1385552119.jpg","id":"39230987","full_name":"Michael Uruguay"},"id":"597054132956656622"},{"created_time":"1385460469","text":"#follow #followme #followforfollow #followme #follower #followers #alwaysfollowback #followbackalways #teamfollowback #followbackteam #f4f #ifollow #followall #followher #pleasefollow #pleasefollowme #me #likeback #tagsta #tagstagramers","from":{"username":"citizenuy","profile_picture":"http:\/\/images.ak.instagram.com\/profiles\/profile_39230987_75sq_1385552119.jpg","id":"39230987","full_name":"Michael Uruguay"},"id":"597608192352940227"},{"created_time":"1385736762","text":"#straightfacade","from":{"username":"citizenuy","profile_picture":"http:\/\/images.ak.instagram.com\/profiles\/profile_39230987_75sq_1385552119.jpg","id":"39230987","full_name":"Michael Uruguay"},"id":"599925907868578079"},{"created_time":"1386178469","text":"#4simply4","from":{"username":"citizenuy","profile_picture":"http:\/\/images.ak.instagram.com\/profiles\/profile_39230987_75sq_1385552119.jpg","id":"39230987","full_name":"Michael Uruguay"},"id":"603631207226241054"}]},"filter":"Normal","created_time":"1337729135","link":"http:\/\/instagram.com\/p\/K8oE3ij3JO\/","likes":{"count":105,"data":[{"username":"clarasantiago53","profile_picture":"http:\/\/images.ak.instagram.com\/profiles\/profile_362103628_75sq_1368563111.jpg","id":"362103628","full_name":"clara"},{"username":"iancurtix","profile_picture":"http:\/\/images.ak.instagram.com\/profiles\/profile_547722622_75sq_1378746711.jpg","id":"547722622","full_name":"Sami Cueto"},{"username":"cassidysmith321","profile_picture":"http:\/\/images.ak.instagram.com\/profiles\/profile_258405362_75sq_1385428919.jpg","id":"258405362","full_name":"Cassidy Smith"},{"username":"qkwesi","profile_picture":"http:\/\/images.ak.instagram.com\/profiles\/profile_180492405_75sq_1384368583.jpg","id":"180492405","full_name":"Qkwesi"}]},"images":{"low_resolution":{"url":"http:\/\/distilleryimage10.s3.amazonaws.com\/6ec8b0c6a46511e1aebc1231381b647a_6.jpg","width":306,"height":306},"thumbnail":{"url":"http:\/\/distilleryimage10.s3.amazonaws.com\/6ec8b0c6a46511e1aebc1231381b647a_5.jpg","width":150,"height":150},"standard_resolution":{"url":"http:\/\/distilleryimage10.s3.amazonaws.com\/6ec8b0c6a46511e1aebc1231381b647a_7.jpg","width":612,"height":612}},"users_in_photo":[],"caption":null,"user_has_liked":false,"id":"197208740071436878_39230987","user":{"username":"citizenuy","website":"","profile_picture":"http:\/\/images.ak.instagram.com\/profiles\/profile_39230987_75sq_1385552119.jpg","full_name":"Michael Uruguay","bio":"","id":"39230987"}},{"attribution":null,"tags":["tagstagramers","symmetry_art","symmetrybuff","f4f","whpstraightfacades","4simply4","tagsta","follower","followher","follow","ifollow","me","alwaysfollowback","followforfollow","teamfollowback","likeback","followall","followbackalways","notfakesymmetry","followers","pleasefollow","followbackteam","pleasefollowme","symmetrysundays","followme","straightfacade"],"type":"image","location":null,"comments":{"count":8,"data":[{"created_time":"1337800539","text":"Love it!!","from":{"username":"selina_w","profile_picture":"http:\/\/images.ak.instagram.com\/profiles\/profile_13997347_75sq_1377810932.jpg","id":"13997347","full_name":"selina_w"},"id":"197807719012332359"},{"created_time":"1357573734","text":"#symmetrysundays","from":{"username":"citizenuy","profile_picture":"http:\/\/images.ak.instagram.com\/profiles\/profile_39230987_75sq_1385552119.jpg","id":"39230987","full_name":"Michael Uruguay"},"id":"363677298056982544"},{"created_time":"1385346012","text":"#notfakesymmetry","from":{"username":"citizenuy","profile_picture":"http:\/\/images.ak.instagram.com\/profiles\/profile_39230987_75sq_1385552119.jpg","id":"39230987","full_name":"Michael Uruguay"},"id":"596648057245757851"},{"created_time":"1385394371","text":"#whpstraightfacades","from":{"username":"citizenuy","profile_picture":"http:\/\/images.ak.instagram.com\/profiles\/profile_39230987_75sq_1385552119.jpg","id":"39230987","full_name":"Michael Uruguay"},"id":"597053717410182112"},{"created_time":"1385461668","text":"#follow #followme #followforfollow #followme #follower #followers #alwaysfollowback #followbackalways #teamfollowback #followbackteam #f4f #ifollow #followall #followher #pleasefollow #pleasefollowme #me #likeback #tagsta #tagstagramers","from":{"username":"citizenuy","profile_picture":"http:\/\/images.ak.instagram.com\/profiles\/profile_39230987_75sq_1385552119.jpg","id":"39230987","full_name":"Michael Uruguay"},"id":"597618247047541105"},{"created_time":"1385482694","text":"#symmetrybuff #symmetry_art","from":{"username":"citizenuy","profile_picture":"http:\/\/images.ak.instagram.com\/profiles\/profile_39230987_75sq_1385552119.jpg","id":"39230987","full_name":"Michael Uruguay"},"id":"597794630054933336"},{"created_time":"1385736755","text":"#straightfacade","from":{"username":"citizenuy","profile_picture":"http:\/\/images.ak.instagram.com\/profiles\/profile_39230987_75sq_1385552119.jpg","id":"39230987","full_name":"Michael Uruguay"},"id":"599925841472745755"},{"created_time":"1386178475","text":"#4simply4","from":{"username":"citizenuy","profile_picture":"http:\/\/images.ak.instagram.com\/profiles\/profile_39230987_75sq_1385552119.jpg","id":"39230987","full_name":"Michael Uruguay"},"id":"603631263983562785"}]},"filter":"Normal","created_time":"1337787719","link":"http:\/\/instagram.com\/p\/K-X0RCD3MP\/","likes":{"count":45,"data":[{"username":"lana67says2","profile_picture":"http:\/\/images.ak.instagram.com\/profiles\/profile_12219929_75sq_1331274305.jpg","id":"12219929","full_name":"lana67says2"},{"username":"cimkedi","profile_picture":"http:\/\/images.ak.instagram.com\/profiles\/profile_983011_75sq_1373712741.jpg","id":"983011","full_name":"Yener Torun"},{"username":"ogkiana","profile_picture":"http:\/\/images.ak.instagram.com\/profiles\/profile_45231326_75sq_1385900381.jpg","id":"45231326","full_name":"S i m p l i c i t y \ud83c\udf38"},{"username":"mrdavidvalencia","profile_picture":"http:\/\/images.ak.instagram.com\/profiles\/profile_55482294_75sq_1363737756.jpg","id":"55482294","full_name":"David Valencia"}]},"images":{"low_resolution":{"url":"http:\/\/distilleryimage11.s3.amazonaws.com\/d5b88ac6a4ed11e19894123138140d8c_6.jpg","width":306,"height":306},"thumbnail":{"url":"http:\/\/distilleryimage11.s3.amazonaws.com\/d5b88ac6a4ed11e19894123138140d8c_5.jpg","width":150,"height":150},"standard_resolution":{"url":"http:\/\/distilleryimage11.s3.amazonaws.com\/d5b88ac6a4ed11e19894123138140d8c_7.jpg","width":612,"height":612}},"users_in_photo":[],"caption":null,"user_has_liked":false,"id":"197700180421604111_39230987","user":{"username":"citizenuy","website":"","profile_picture":"http:\/\/images.ak.instagram.com\/profiles\/profile_39230987_75sq_1385552119.jpg","full_name":"Michael Uruguay","bio":"","id":"39230987"}},{"attribution":null,"tags":["tagstagramers","me","symmetrybuff","f4f","whpstraightfacades","tagsta","follower","followher","follow","ifollow","symmetry_art","followforfollow","teamfollowback","likeback","followall","followbackalways","alwaysfollowback","followers","pleasefollow","followbackteam","pleasefollowme","followme"],"type":"image","location":null,"comments":{"count":4,"data":[{"created_time":"1384612731","text":"Nice perspective and thank you for all your likes\ud83d\ude0a","from":{"username":"mh111","profile_picture":"http:\/\/images.ak.instagram.com\/profiles\/profile_17099198_75sq_1378588705.jpg","id":"17099198","full_name":"Michael"},"id":"590496853218259426"},{"created_time":"1385394328","text":"#whpstraightfacades","from":{"username":"citizenuy","profile_picture":"http:\/\/images.ak.instagram.com\/profiles\/profile_39230987_75sq_1385552119.jpg","id":"39230987","full_name":"Michael Uruguay"},"id":"597053362303628235"},{"created_time":"1385482647","text":"#symmetrybuff #symmetry_art","from":{"username":"citizenuy","profile_picture":"http:\/\/images.ak.instagram.com\/profiles\/profile_39230987_75sq_1385552119.jpg","id":"39230987","full_name":"Michael Uruguay"},"id":"597794230446814026"},{"created_time":"1385759096","text":"#follow #followme #followforfollow #followme #follower #followers #alwaysfollowback #followbackalways #teamfollowback #followbackteam #f4f #ifollow #followall #followher #pleasefollow #pleasefollowme #me #likeback #tagsta #tagstagramers","from":{"username":"citizenuy","profile_picture":"http:\/\/images.ak.instagram.com\/profiles\/profile_39230987_75sq_1385552119.jpg","id":"39230987","full_name":"Michael Uruguay"},"id":"600113255994586022"}]},"filter":"Normal","created_time":"1342636115","link":"http:\/\/instagram.com\/p\/NO3Zacj3Po\/","likes":{"count":55,"data":[{"username":"clarasantiago53","profile_picture":"http:\/\/images.ak.instagram.com\/profiles\/profile_362103628_75sq_1368563111.jpg","id":"362103628","full_name":"clara"},{"username":"lana67says2","profile_picture":"http:\/\/images.ak.instagram.com\/profiles\/profile_12219929_75sq_1331274305.jpg","id":"12219929","full_name":"lana67says2"},{"username":"amhargis","profile_picture":"http:\/\/images.ak.instagram.com\/profiles\/profile_7127037_75sq_1348058897.jpg","id":"7127037","full_name":"Adam Michael Hargis"},{"username":"mh111","profile_picture":"http:\/\/images.ak.instagram.com\/profiles\/profile_17099198_75sq_1378588705.jpg","id":"17099198","full_name":"Michael"}]},"images":{"low_resolution":{"url":"http:\/\/distilleryimage0.s3.amazonaws.com\/62996a98d10611e1ae5f12313804f9a9_6.jpg","width":306,"height":306},"thumbnail":{"url":"http:\/\/distilleryimage0.s3.amazonaws.com\/62996a98d10611e1ae5f12313804f9a9_5.jpg","width":150,"height":150},"standard_resolution":{"url":"http:\/\/distilleryimage0.s3.amazonaws.com\/62996a98d10611e1ae5f12313804f9a9_7.jpg","width":612,"height":612}},"users_in_photo":[],"caption":null,"user_has_liked":false,"id":"238371469238694888_39230987","user":{"username":"citizenuy","website":"","profile_picture":"http:\/\/images.ak.instagram.com\/profiles\/profile_39230987_75sq_1385552119.jpg","full_name":"Michael Uruguay","bio":"","id":"39230987"}},{"attribution":null,"tags":["tagstagramers","f4f","whpstraightfacades","tagsta","follower","followher","follow","ifollow","me","followforfollow","teamfollowback","likeback","followall","followbackalways","alwaysfollowback","followers","pleasefollow","followbackteam","pleasefollowme","followme"],"type":"image","location":null,"comments":{"count":1,"data":[{"created_time":"1385759973","text":"#follow #followme #followforfollow #followme #follower #followers #alwaysfollowback #followbackalways #teamfollowback #followbackteam #f4f #ifollow #followall #followher #pleasefollow #pleasefollowme #me #likeback #tagsta #tagstagramers","from":{"username":"citizenuy","profile_picture":"http:\/\/images.ak.instagram.com\/profiles\/profile_39230987_75sq_1385552119.jpg","id":"39230987","full_name":"Michael Uruguay"},"id":"600120614976450898"}]},"filter":"Normal","created_time":"1344090011","link":"http:\/\/instagram.com\/p\/N6MfCLD3BN\/","likes":{"count":80,"data":[{"username":"clarasantiago53","profile_picture":"http:\/\/images.ak.instagram.com\/profiles\/profile_362103628_75sq_1368563111.jpg","id":"362103628","full_name":"clara"},{"username":"fuxvhftjcxgjbfjkgchb","profile_picture":"http:\/\/images.ak.instagram.com\/profiles\/profile_228953489_75sq_1351114515.jpg","id":"228953489","full_name":"fuxvhftjcxgjbfjkgchb"},{"username":"oscarbrum","profile_picture":"http:\/\/images.ak.instagram.com\/profiles\/profile_201866876_75sq_1381013866.jpg","id":"201866876","full_name":"Oscar Brum"},{"username":"mrywx","profile_picture":"http:\/\/images.ak.instagram.com\/profiles\/profile_248772774_75sq_1383474207.jpg","id":"248772774","full_name":"Mary von Wex"}]},"images":{"low_resolution":{"url":"http:\/\/distilleryimage1.s3.amazonaws.com\/808c833cde3f11e1a46d1231381b738f_6.jpg","width":306,"height":306},"thumbnail":{"url":"http:\/\/distilleryimage1.s3.amazonaws.com\/808c833cde3f11e1a46d1231381b738f_5.jpg","width":150,"height":150},"standard_resolution":{"url":"http:\/\/distilleryimage1.s3.amazonaws.com\/808c833cde3f11e1a46d1231381b738f_7.jpg","width":612,"height":612}},"users_in_photo":[],"caption":{"created_time":"1385394306","text":"#whpstraightfacades","from":{"username":"citizenuy","profile_picture":"http:\/\/images.ak.instagram.com\/profiles\/profile_39230987_75sq_1385552119.jpg","id":"39230987","full_name":"Michael Uruguay"},"id":"597053173769663429"},"user_has_liked":false,"id":"250567638467440717_39230987","user":{"username":"citizenuy","website":"","profile_picture":"http:\/\/images.ak.instagram.com\/profiles\/profile_39230987_75sq_1385552119.jpg","full_name":"Michael Uruguay","bio":"","id":"39230987"}},{"attribution":null,"tags":["tagstagramers","f4f","whpstraightfacades","tagsta","follower","followher","follow","ifollow","me","followforfollow","teamfollowback","likeback","followall","followbackalways","alwaysfollowback","followers","pleasefollow","followbackteam","pleasefollowme","followme"],"type":"image","location":null,"comments":{"count":10,"data":[{"created_time":"1344679103","text":"Wegen den Kalorien, oder @citizenuy ...?","from":{"username":"juttap","profile_picture":"http:\/\/images.ak.instagram.com\/profiles\/profile_14170438_75sq_1366668188.jpg","id":"14170438","full_name":"juttap"},"id":"255509300146828263"},{"created_time":"1344689422","text":"#iseefaces","from":{"username":"selina_w","profile_picture":"http:\/\/images.ak.instagram.com\/profiles\/profile_13997347_75sq_1377810932.jpg","id":"13997347","full_name":"selina_w"},"id":"255595860196291215"},{"created_time":"1344722383","text":"Haha, auch. ;-) @juttap","from":{"username":"citizenuy","profile_picture":"http:\/\/images.ak.instagram.com\/profiles\/profile_39230987_75sq_1385552119.jpg","id":"39230987","full_name":"Michael Uruguay"},"id":"255872356148278256"},{"created_time":"1344850654","text":"Amazing building","from":{"username":"isarbear","profile_picture":"http:\/\/images.ak.instagram.com\/profiles\/profile_6775885_75sq_1368828841.jpg","id":"6775885","full_name":"s  \u0251  r  \u0251  \u04bb"},"id":"256948372610446160"},{"created_time":"1344886314","text":"@isarbear You know, there are a lot of amazing buildings next to the Isar. ;-)","from":{"username":"citizenuy","profile_picture":"http:\/\/images.ak.instagram.com\/profiles\/profile_39230987_75sq_1385552119.jpg","id":"39230987","full_name":"Michael Uruguay"},"id":"257247510757601569"},{"created_time":"1344898417","text":"Lol, of course....;)","from":{"username":"isarbear","profile_picture":"http:\/\/images.ak.instagram.com\/profiles\/profile_6775885_75sq_1368828841.jpg","id":"6775885","full_name":"s  \u0251  r  \u0251  \u04bb"},"id":"257349038029893657"},{"created_time":"1385394218","text":"#whpstraightfacades","from":{"username":"citizenuy","profile_picture":"http:\/\/images.ak.instagram.com\/profiles\/profile_39230987_75sq_1385552119.jpg","id":"39230987","full_name":"Michael Uruguay"},"id":"597052434590692260"},{"created_time":"1385760621","text":"#follow #followme #followforfollow #followme #follower #followers #alwaysfollowback #followbackalways #teamfollowback #followbackteam #f4f #ifollow #followall #followher #pleasefollow #pleasefollowme #me #likeback #tagsta #tagstagramers","from":{"username":"citizenuy","profile_picture":"http:\/\/images.ak.instagram.com\/profiles\/profile_39230987_75sq_1385552119.jpg","id":"39230987","full_name":"Michael Uruguay"},"id":"600126049292874363"}]},"filter":"Normal","created_time":"1344643996","link":"http:\/\/instagram.com\/p\/OKtIFLD3F0\/","likes":{"count":45,"data":[{"username":"mona_moore","profile_picture":"http:\/\/images.ak.instagram.com\/profiles\/profile_7735314_75sq_1362765684.jpg","id":"7735314","full_name":"\u303dona \u303doore"},{"username":"kat_go88","profile_picture":"http:\/\/images.ak.instagram.com\/profiles\/profile_181772220_75sq_1369087289.jpg","id":"181772220","full_name":"Kathleen Dy-Go"},{"username":"bernardw100","profile_picture":"http:\/\/images.ak.instagram.com\/profiles\/profile_6245938_75sq_1386635928.jpg","id":"6245938","full_name":"Bernard"},{"username":"isarbear","profile_picture":"http:\/\/images.ak.instagram.com\/profiles\/profile_6775885_75sq_1368828841.jpg","id":"6775885","full_name":"s  \u0251  r  \u0251  \u04bb"}]},"images":{"low_resolution":{"url":"http:\/\/distilleryimage4.s3.amazonaws.com\/58f98ab8e34911e1a46d1231381b4837_6.jpg","width":306,"height":306},"thumbnail":{"url":"http:\/\/distilleryimage4.s3.amazonaws.com\/58f98ab8e34911e1a46d1231381b4837_5.jpg","width":150,"height":150},"standard_resolution":{"url":"http:\/\/distilleryimage4.s3.amazonaws.com\/58f98ab8e34911e1a46d1231381b4837_7.jpg","width":612,"height":612}},"users_in_photo":[],"caption":null,"user_has_liked":false,"id":"255214796302938484_39230987","user":{"username":"citizenuy","website":"","profile_picture":"http:\/\/images.ak.instagram.com\/profiles\/profile_39230987_75sq_1385552119.jpg","full_name":"Michael Uruguay","bio":"","id":"39230987"}},{"attribution":null,"tags":["tagstagramers","me","symmetrybuff","f4f","whpstraightfacades","tagsta","follower","followher","follow","ifollow","symmetry_art","followforfollow","teamfollowback","likeback","followall","followbackalways","alwaysfollowback","followers","pleasefollow","followbackteam","pleasefollowme","followme"],"type":"image","location":null,"comments":{"count":2,"data":[{"created_time":"1385482582","text":"#symmetrybuff #symmetry_art","from":{"username":"citizenuy","profile_picture":"http:\/\/images.ak.instagram.com\/profiles\/profile_39230987_75sq_1385552119.jpg","id":"39230987","full_name":"Michael Uruguay"},"id":"597793687745819439"},{"created_time":"1385768852","text":"#follow #followme #followforfollow #followme #follower #followers #alwaysfollowback #followbackalways #teamfollowback #followbackteam #f4f #ifollow #followall #followher #pleasefollow #pleasefollowme #me #likeback #tagsta #tagstagramers","from":{"username":"citizenuy","profile_picture":"http:\/\/images.ak.instagram.com\/profiles\/profile_39230987_75sq_1385552119.jpg","id":"39230987","full_name":"Michael Uruguay"},"id":"600195090791493777"}]},"filter":"Normal","created_time":"1345239933","link":"http:\/\/instagram.com\/p\/OcdyWHD3Fe\/","likes":{"count":37,"data":[{"username":"clarasantiago53","profile_picture":"http:\/\/images.ak.instagram.com\/profiles\/profile_362103628_75sq_1368563111.jpg","id":"362103628","full_name":"clara"},{"username":"lana67says2","profile_picture":"http:\/\/images.ak.instagram.com\/profiles\/profile_12219929_75sq_1331274305.jpg","id":"12219929","full_name":"lana67says2"},{"username":"igersmunich","profile_picture":"http:\/\/images.ak.instagram.com\/profiles\/profile_8654799_75sq_1332415787.jpg","id":"8654799","full_name":"Instagramers Munich"}]},"images":{"low_resolution":{"url":"http:\/\/distilleryimage6.s3.amazonaws.com\/df57ea08e8b411e18096123138106077_6.jpg","width":306,"height":306},"thumbnail":{"url":"http:\/\/distilleryimage6.s3.amazonaws.com\/df57ea08e8b411e18096123138106077_5.jpg","width":150,"height":150},"standard_resolution":{"url":"http:\/\/distilleryimage6.s3.amazonaws.com\/df57ea08e8b411e18096123138106077_7.jpg","width":612,"height":612}},"users_in_photo":[],"caption":{"created_time":"1385394208","text":"#whpstraightfacades","from":{"username":"citizenuy","profile_picture":"http:\/\/images.ak.instagram.com\/profiles\/profile_39230987_75sq_1385552119.jpg","id":"39230987","full_name":"Michael Uruguay"},"id":"597052356568249247"},"user_has_liked":false,"id":"260213881544077662_39230987","user":{"username":"citizenuy","website":"","profile_picture":"http:\/\/images.ak.instagram.com\/profiles\/profile_39230987_75sq_1385552119.jpg","full_name":"Michael Uruguay","bio":"","id":"39230987"}},{"attribution":null,"tags":["tagstagramers","f4f","whpstraightfacades","tagsta","follower","followher","follow","ifollow","me","followforfollow","teamfollowback","likeback","followall","followbackalways","alwaysfollowback","followers","pleasefollow","followbackteam","pleasefollowme","followme"],"type":"image","location":null,"comments":{"count":6,"data":[{"created_time":"1346252748","text":"Herrlich depremierend @citizenuy ....und irgendwie auch ein Funken Hoffnung im Busch....","from":{"username":"juttap","profile_picture":"http:\/\/images.ak.instagram.com\/profiles\/profile_14170438_75sq_1366668188.jpg","id":"14170438","full_name":"juttap"},"id":"268709986502144586"},{"created_time":"1346253536","text":"Und sowas von sauber! @juttap","from":{"username":"citizenuy","profile_picture":"http:\/\/images.ak.instagram.com\/profiles\/profile_39230987_75sq_1385552119.jpg","id":"39230987","full_name":"Michael Uruguay"},"id":"268716597010461371"},{"created_time":"1346330918","text":"Nice lighting","from":{"username":"dolcevespa","profile_picture":"http:\/\/images.ak.instagram.com\/profiles\/profile_895258_75sq_1385045738.jpg","id":"895258","full_name":"Deb Johnston"},"id":"269365729274328036"},{"created_time":"1346345983","text":"Thank you so much @dolcevespa!","from":{"username":"citizenuy","profile_picture":"http:\/\/images.ak.instagram.com\/profiles\/profile_39230987_75sq_1385552119.jpg","id":"39230987","full_name":"Michael Uruguay"},"id":"269492096842298199"},{"created_time":"1385394184","text":"#whpstraightfacades","from":{"username":"citizenuy","profile_picture":"http:\/\/images.ak.instagram.com\/profiles\/profile_39230987_75sq_1385552119.jpg","id":"39230987","full_name":"Michael Uruguay"},"id":"597052150602757008"},{"created_time":"1385809893","text":"#follow #followme #followforfollow #followme #follower #followers #alwaysfollowback #followbackalways #teamfollowback #followbackteam #f4f #ifollow #followall #followher #pleasefollow #pleasefollowme #me #likeback #tagsta #tagstagramers","from":{"username":"citizenuy","profile_picture":"http:\/\/images.ak.instagram.com\/profiles\/profile_39230987_75sq_1385552119.jpg","id":"39230987","full_name":"Michael Uruguay"},"id":"600539368860382146"}]},"filter":"Normal","created_time":"1346251920","link":"http:\/\/instagram.com\/p\/O6n_35j3BM\/","likes":{"count":28,"data":[{"username":"dolcevespa","profile_picture":"http:\/\/images.ak.instagram.com\/profiles\/profile_895258_75sq_1385045738.jpg","id":"895258","full_name":"Deb Johnston"},{"username":"mike_n5","profile_picture":"http:\/\/images.ak.instagram.com\/profiles\/profile_18571435_75sq_1385671325.jpg","id":"18571435","full_name":"Mike"},{"username":"kat_go88","profile_picture":"http:\/\/images.ak.instagram.com\/profiles\/profile_181772220_75sq_1369087289.jpg","id":"181772220","full_name":"Kathleen Dy-Go"},{"username":"mama_sprot","profile_picture":"http:\/\/images.ak.instagram.com\/profiles\/profile_196778407_75sq_1365626221.jpg","id":"196778407","full_name":"Rachel"}]},"images":{"low_resolution":{"url":"http:\/\/distilleryimage8.s3.amazonaws.com\/16665650f1e911e18e5722000a1e8abd_6.jpg","width":306,"height":306},"thumbnail":{"url":"http:\/\/distilleryimage8.s3.amazonaws.com\/16665650f1e911e18e5722000a1e8abd_5.jpg","width":150,"height":150},"standard_resolution":{"url":"http:\/\/distilleryimage8.s3.amazonaws.com\/16665650f1e911e18e5722000a1e8abd_7.jpg","width":612,"height":612}},"users_in_photo":[],"caption":null,"user_has_liked":false,"id":"268703040944435276_39230987","user":{"username":"citizenuy","website":"","profile_picture":"http:\/\/images.ak.instagram.com\/profiles\/profile_39230987_75sq_1385552119.jpg","full_name":"Michael Uruguay","bio":"","id":"39230987"}},{"attribution":null,"tags":["tagstagramers","me","symmetrybuff","f4f","whpstraightfacades","tagsta","follower","followher","pleasefollowme","follow","ifollow","symmetry_art","followforfollow","teamfollowback","likeback","followall","followbackalways","alwaysfollowback","followers","pleasefollow","followbackteam","sundoors","followme"],"type":"image","location":null,"comments":{"count":5,"data":[{"created_time":"1346252747","text":"Beautiful. Likeback my recent photo? (: @citizenuy","from":{"username":"virginiaminzi","profile_picture":"http:\/\/images.ak.instagram.com\/profiles\/profile_43568171_75sq_1384000984.jpg","id":"43568171","full_name":"\u2022\u2022 Virginia \u2022\u2022"},"id":"268709976595198537"},{"created_time":"1385394173","text":"#whpstraightfacades","from":{"username":"citizenuy","profile_picture":"http:\/\/images.ak.instagram.com\/profiles\/profile_39230987_75sq_1385552119.jpg","id":"39230987","full_name":"Michael Uruguay"},"id":"597052060936926090"},{"created_time":"1385482518","text":"#symmetrybuff #symmetry_art","from":{"username":"citizenuy","profile_picture":"http:\/\/images.ak.instagram.com\/profiles\/profile_39230987_75sq_1385552119.jpg","id":"39230987","full_name":"Michael Uruguay"},"id":"597793152108032801"},{"created_time":"1385577253","text":"#sundoors","from":{"username":"citizenuy","profile_picture":"http:\/\/images.ak.instagram.com\/profiles\/profile_39230987_75sq_1385552119.jpg","id":"39230987","full_name":"Michael Uruguay"},"id":"598587847683830367"},{"created_time":"1385811592","text":"#follow #followme #followforfollow #followme #follower #followers #alwaysfollowback #followbackalways #teamfollowback #followbackteam #f4f #ifollow #followall #followher #pleasefollow #pleasefollowme #me #likeback #tagsta #tagstagramers","from":{"username":"citizenuy","profile_picture":"http:\/\/images.ak.instagram.com\/profiles\/profile_39230987_75sq_1385552119.jpg","id":"39230987","full_name":"Michael Uruguay"},"id":"600553624863469929"}]},"filter":"Normal","created_time":"1346252390","link":"http:\/\/instagram.com\/p\/O6o5Oyj3Bp\/","likes":{"count":35,"data":[{"username":"_joel24","profile_picture":"http:\/\/images.ak.instagram.com\/profiles\/profile_465545587_75sq_1385207404.jpg","id":"465545587","full_name":"Joel"},{"username":"_missaddy","profile_picture":"http:\/\/images.ak.instagram.com\/profiles\/profile_28343844_75sq_1386236959.jpg","id":"28343844","full_name":"Adriane Kolbas"},{"username":"samanthapotterr","profile_picture":"http:\/\/images.ak.instagram.com\/profiles\/profile_393379271_75sq_1386164066.jpg","id":"393379271","full_name":"samanthapotterr"}]},"images":{"low_resolution":{"url":"http:\/\/distilleryimage5.s3.amazonaws.com\/2e75ee9ef1ea11e1b39e22000a1e8923_6.jpg","width":306,"height":306},"thumbnail":{"url":"http:\/\/distilleryimage5.s3.amazonaws.com\/2e75ee9ef1ea11e1b39e22000a1e8923_5.jpg","width":150,"height":150},"standard_resolution":{"url":"http:\/\/distilleryimage5.s3.amazonaws.com\/2e75ee9ef1ea11e1b39e22000a1e8923_7.jpg","width":612,"height":612}},"users_in_photo":[],"caption":null,"user_has_liked":false,"id":"268706982533230697_39230987","user":{"username":"citizenuy","website":"","profile_picture":"http:\/\/images.ak.instagram.com\/profiles\/profile_39230987_75sq_1385552119.jpg","full_name":"Michael Uruguay","bio":"","id":"39230987"}},{"attribution":null,"tags":["tagstagramers","me","symmetrybuff","f4f","whpstraightfacades","tagsta","follower","followher","follow","ifollow","symmetry_art","alwaysfollowback","followforfollow","teamfollowback","likeback","followall","followbackalways","notfakesymmetry","followers","pleasefollow","followbackteam","pleasefollowme","symmetrysundays","followme"],"type":"image","location":null,"comments":{"count":9,"data":[{"created_time":"1348591144","text":"Thank you! @outcolor","from":{"username":"citizenuy","profile_picture":"http:\/\/images.ak.instagram.com\/profiles\/profile_39230987_75sq_1385552119.jpg","id":"39230987","full_name":"Michael Uruguay"},"id":"288325873022497312"},{"created_time":"1348606305","text":"Love this picture? Check out my gallery at http:\/\/instacanv.as\/citizenuy","from":{"username":"citizenuy","profile_picture":"http:\/\/images.ak.instagram.com\/profiles\/profile_39230987_75sq_1385552119.jpg","id":"39230987","full_name":"Michael Uruguay"},"id":"288453058504913535"},{"created_time":"1350659096","text":"Thank you! @phillip_kuic","from":{"username":"citizenuy","profile_picture":"http:\/\/images.ak.instagram.com\/profiles\/profile_39230987_75sq_1385552119.jpg","id":"39230987","full_name":"Michael Uruguay"},"id":"305673110077535231"},{"created_time":"1357573167","text":"#symmetrysundays","from":{"username":"citizenuy","profile_picture":"http:\/\/images.ak.instagram.com\/profiles\/profile_39230987_75sq_1385552119.jpg","id":"39230987","full_name":"Michael Uruguay"},"id":"363672549794476960"},{"created_time":"1385345840","text":"#notfakesymmetry","from":{"username":"citizenuy","profile_picture":"http:\/\/images.ak.instagram.com\/profiles\/profile_39230987_75sq_1385552119.jpg","id":"39230987","full_name":"Michael Uruguay"},"id":"596646614195466566"},{"created_time":"1385394140","text":"#whpstraightfacades","from":{"username":"citizenuy","profile_picture":"http:\/\/images.ak.instagram.com\/profiles\/profile_39230987_75sq_1385552119.jpg","id":"39230987","full_name":"Michael Uruguay"},"id":"597051785631200128"},{"created_time":"1385482492","text":"#symmetrybuff #symmetry_art","from":{"username":"citizenuy","profile_picture":"http:\/\/images.ak.instagram.com\/profiles\/profile_39230987_75sq_1385552119.jpg","id":"39230987","full_name":"Michael Uruguay"},"id":"597792932997591831"},{"created_time":"1385976964","text":"#follow #followme #followforfollow #followme #follower #followers #alwaysfollowback #followbackalways #teamfollowback #followbackteam #f4f #ifollow #followall #followher #pleasefollow #pleasefollowme #me #likeback #tagsta #tagstagramers","from":{"username":"citizenuy","profile_picture":"http:\/\/images.ak.instagram.com\/profiles\/profile_39230987_75sq_1385552119.jpg","id":"39230987","full_name":"Michael Uruguay"},"id":"601940868295782851"}]},"filter":"Normal","created_time":"1348590077","link":"http:\/\/instagram.com\/p\/QATrc7D3Ir\/","likes":{"count":84,"data":[{"username":"andreabene","profile_picture":"http:\/\/images.ak.instagram.com\/profiles\/profile_4809092_75sq_1359403891.jpg","id":"4809092","full_name":"Andrea Benedetti"},{"username":"__sebastian","profile_picture":"http:\/\/images.ak.instagram.com\/profiles\/profile_8202477_75sq_1383493710.jpg","id":"8202477","full_name":"Sebastian O."},{"username":"ldaph","profile_picture":"http:\/\/images.ak.instagram.com\/profiles\/profile_18965710_75sq_1381338446.jpg","id":"18965710","full_name":"Daphne"},{"username":"brookmosser","profile_picture":"http:\/\/images.ak.instagram.com\/profiles\/profile_5082717_75sq_1383791845.jpg","id":"5082717","full_name":"Brook Mosser"}]},"images":{"low_resolution":{"url":"http:\/\/distilleryimage7.s3.amazonaws.com\/08afbc64072d11e29fe21231380f3636_6.jpg","width":306,"height":306},"thumbnail":{"url":"http:\/\/distilleryimage7.s3.amazonaws.com\/08afbc64072d11e29fe21231380f3636_5.jpg","width":150,"height":150},"standard_resolution":{"url":"http:\/\/distilleryimage7.s3.amazonaws.com\/08afbc64072d11e29fe21231380f3636_7.jpg","width":612,"height":612}},"users_in_photo":[],"caption":null,"user_has_liked":false,"id":"288316925028561451_39230987","user":{"username":"citizenuy","website":"","profile_picture":"http:\/\/images.ak.instagram.com\/profiles\/profile_39230987_75sq_1385552119.jpg","full_name":"Michael Uruguay","bio":"","id":"39230987"}},{"attribution":null,"tags":["tagstagramers","f4f","whpstraightfacades","cityfacades","tagsta","follower","followher","follow","ifollow","me","followforfollow","teamfollowback","likeback","followall","followbackalways","alwaysfollowback","followers","pleasefollow","followbackteam","pleasefollowme","followme"],"type":"image","location":null,"comments":{"count":5,"data":[{"created_time":"1354234050","text":"Awesomee\ud83d\ude01! This is incredibly beautiful! Good job!\ud83d\ude0a\ud83d\udc4d","from":{"username":"supendra","profile_picture":"http:\/\/images.ak.instagram.com\/profiles\/profile_212877860_75sq_1385014150.jpg","id":"212877860","full_name":"Supendra Chandrakumar \u2022 \u0950"},"id":"335662004621504577"},{"created_time":"1354234649","text":"Thanks a lot my friend! Makes me happy that you like it. @supendra16","from":{"username":"citizenuy","profile_picture":"http:\/\/images.ak.instagram.com\/profiles\/profile_39230987_75sq_1385552119.jpg","id":"39230987","full_name":"Michael Uruguay"},"id":"335667026000310460"},{"created_time":"1385391989","text":"#follow #followme #followforfollow #followme #follower #followers #alwaysfollowback #followbackalways #teamfollowback #followbackteam #f4f #ifollow #followall #followher #pleasefollow #pleasefollowme #me #likeback #tagsta #tagstagramers","from":{"username":"citizenuy","profile_picture":"http:\/\/images.ak.instagram.com\/profiles\/profile_39230987_75sq_1385552119.jpg","id":"39230987","full_name":"Michael Uruguay"},"id":"597033734294696037"},{"created_time":"1385394120","text":"#whpstraightfacades","from":{"username":"citizenuy","profile_picture":"http:\/\/images.ak.instagram.com\/profiles\/profile_39230987_75sq_1385552119.jpg","id":"39230987","full_name":"Michael Uruguay"},"id":"597051615594115961"},{"created_time":"1386412454","text":"#cityfacades","from":{"username":"citizenuy","profile_picture":"http:\/\/images.ak.instagram.com\/profiles\/profile_39230987_75sq_1385552119.jpg","id":"39230987","full_name":"Michael Uruguay"},"id":"605594016323433281"}]},"filter":"Normal","created_time":"1347283064","link":"http:\/\/instagram.com\/p\/PZWv8dj3GZ\/","likes":{"count":49,"data":[{"username":"leatricewi99","profile_picture":"http:\/\/images.ak.instagram.com\/profiles\/profile_250340914_75sq_1353565958.jpg","id":"250340914","full_name":"leatricewi99"},{"username":"kheyansory","profile_picture":"http:\/\/images.ak.instagram.com\/profiles\/profile_3630788_75sq_1379972957.jpg","id":"3630788","full_name":"Khey Ansory"},{"username":"_bordesa","profile_picture":"http:\/\/images.ak.instagram.com\/profiles\/profile_260734821_75sq_1354172548.jpg","id":"260734821","full_name":"Jae Shapskinsky"},{"username":"alenabatis98","profile_picture":"http:\/\/images.ak.instagram.com\/profiles\/profile_250343830_75sq_1353568866.jpg","id":"250343830","full_name":"alenabatis98"}]},"images":{"low_resolution":{"url":"http:\/\/distilleryimage1.s3.amazonaws.com\/e81cf794fb4911e19e5e22000a1e8a4b_6.jpg","width":306,"height":306},"thumbnail":{"url":"http:\/\/distilleryimage1.s3.amazonaws.com\/e81cf794fb4911e19e5e22000a1e8a4b_5.jpg","width":150,"height":150},"standard_resolution":{"url":"http:\/\/distilleryimage1.s3.amazonaws.com\/e81cf794fb4911e19e5e22000a1e8a4b_7.jpg","width":612,"height":612}},"users_in_photo":[],"caption":null,"user_has_liked":false,"id":"277352903819096473_39230987","user":{"username":"citizenuy","website":"","profile_picture":"http:\/\/images.ak.instagram.com\/profiles\/profile_39230987_75sq_1385552119.jpg","full_name":"Michael Uruguay","bio":"","id":"39230987"}},{"attribution":null,"tags":["tagstagramers","f4f","whpstraightfacades","cityfacades","tagsta","follower","followher","follow","ifollow","me","followforfollow","teamfollowback","likeback","followall","followbackalways","alwaysfollowback","followers","pleasefollow","followbackteam","pleasefollowme","followme"],"type":"image","location":null,"comments":{"count":6,"data":[{"created_time":"1347400710","text":"Love this one","from":{"username":"mama_sprot","profile_picture":"http:\/\/images.ak.instagram.com\/profiles\/profile_196778407_75sq_1365626221.jpg","id":"196778407","full_name":"Rachel"},"id":"278339795322631156"},{"created_time":"1347449555","text":"Thank you! @mama_sprot","from":{"username":"citizenuy","profile_picture":"http:\/\/images.ak.instagram.com\/profiles\/profile_39230987_75sq_1385552119.jpg","id":"39230987","full_name":"Michael Uruguay"},"id":"278749534523191905"},{"created_time":"1349814902","text":"#beautifuldecay","from":{"username":"gicranegrete","profile_picture":"http:\/\/images.ak.instagram.com\/profiles\/profile_30785049_75sq_1383350981.jpg","id":"30785049","full_name":"gicranegrete"},"id":"298591502224814286"},{"created_time":"1385394112","text":"#whpstraightfacades","from":{"username":"citizenuy","profile_picture":"http:\/\/images.ak.instagram.com\/profiles\/profile_39230987_75sq_1385552119.jpg","id":"39230987","full_name":"Michael Uruguay"},"id":"597051547998712692"},{"created_time":"1385912056","text":"#follow #followme #followforfollow #followme #follower #followers #alwaysfollowback #followbackalways #teamfollowback #followbackteam #f4f #ifollow #followall #followher #pleasefollow #pleasefollowme #me #likeback #tagsta #tagstagramers","from":{"username":"citizenuy","profile_picture":"http:\/\/images.ak.instagram.com\/profiles\/profile_39230987_75sq_1385552119.jpg","id":"39230987","full_name":"Michael Uruguay"},"id":"601396375444222954"},{"created_time":"1386412404","text":"#cityfacades","from":{"username":"citizenuy","profile_picture":"http:\/\/images.ak.instagram.com\/profiles\/profile_39230987_75sq_1385552119.jpg","id":"39230987","full_name":"Michael Uruguay"},"id":"605593602295296820"}]},"filter":"Normal","created_time":"1347384576","link":"http:\/\/instagram.com\/p\/PcYXm7D3Dp\/","likes":{"count":48,"data":[{"username":"rocco_porcelli","profile_picture":"http:\/\/images.ak.instagram.com\/profiles\/profile_12729067_75sq_1384004229.jpg","id":"12729067","full_name":"Rocco Porcelli"},{"username":"davidtoro94","profile_picture":"http:\/\/images.ak.instagram.com\/profiles\/profile_55296357_75sq_1365197367.jpg","id":"55296357","full_name":"David Toro"},{"username":"lordblainemoore","profile_picture":"http:\/\/images.ak.instagram.com\/profiles\/profile_28244678_75sq_1386224079.jpg","id":"28244678","full_name":"Lord Blaine Moore"}]},"images":{"low_resolution":{"url":"http:\/\/distilleryimage1.s3.amazonaws.com\/424a3b9afc3611e189dc22000a1e87b7_6.jpg","width":306,"height":306},"thumbnail":{"url":"http:\/\/distilleryimage1.s3.amazonaws.com\/424a3b9afc3611e189dc22000a1e87b7_5.jpg","width":150,"height":150},"standard_resolution":{"url":"http:\/\/distilleryimage1.s3.amazonaws.com\/424a3b9afc3611e189dc22000a1e87b7_7.jpg","width":612,"height":612}},"users_in_photo":[],"caption":null,"user_has_liked":false,"id":"278204452447416553_39230987","user":{"username":"citizenuy","website":"","profile_picture":"http:\/\/images.ak.instagram.com\/profiles\/profile_39230987_75sq_1385552119.jpg","full_name":"Michael Uruguay","bio":"","id":"39230987"}},{"attribution":null,"tags":["tagstagramers","f4f","whpstraightfacades","cityfacades","tagsta","follower","followher","sundoors","follow","igersuruguay","ifollow","me","followforfollow","teamfollowback","likeback","followall","followbackalways","alwaysfollowback","followers","pleasefollow","followbackteam","pleasefollowme","followme","straightfacade"],"type":"image","location":null,"comments":{"count":13,"data":[{"created_time":"1348861852","text":"Great contrast!!!!","from":{"username":"peterwouda","profile_picture":"http:\/\/images.ak.instagram.com\/profiles\/profile_5341214_75sq_1317241606.jpg","id":"5341214","full_name":"Peter Wouda"},"id":"290596735578763276"},{"created_time":"1348862322","text":"Warmest thanks! @peterwouda","from":{"username":"citizenuy","profile_picture":"http:\/\/images.ak.instagram.com\/profiles\/profile_39230987_75sq_1385552119.jpg","id":"39230987","full_name":"Michael Uruguay"},"id":"290600678308409429"},{"created_time":"1349384736","text":"#igersuruguay","from":{"username":"citizenuy","profile_picture":"http:\/\/images.ak.instagram.com\/profiles\/profile_39230987_75sq_1385552119.jpg","id":"39230987","full_name":"Michael Uruguay"},"id":"294983004970775471"},{"created_time":"1385391869","text":"#follow #followme #followforfollow #followme #follower #followers #alwaysfollowback #followbackalways #teamfollowback #followbackteam #f4f #ifollow #followall #followher #pleasefollow #pleasefollowme #me #likeback #tagsta #tagstagramers","from":{"username":"citizenuy","profile_picture":"http:\/\/images.ak.instagram.com\/profiles\/profile_39230987_75sq_1385552119.jpg","id":"39230987","full_name":"Michael Uruguay"},"id":"597032729926660156"},{"created_time":"1385394104","text":"#whpstraightfacades","from":{"username":"citizenuy","profile_picture":"http:\/\/images.ak.instagram.com\/profiles\/profile_39230987_75sq_1385552119.jpg","id":"39230987","full_name":"Michael Uruguay"},"id":"597051481804206961"},{"created_time":"1385577192","text":"#sundoors","from":{"username":"citizenuy","profile_picture":"http:\/\/images.ak.instagram.com\/profiles\/profile_39230987_75sq_1385552119.jpg","id":"39230987","full_name":"Michael Uruguay"},"id":"598587331625054777"},{"created_time":"1385736701","text":"#straightfacade","from":{"username":"citizenuy","profile_picture":"http:\/\/images.ak.instagram.com\/profiles\/profile_39230987_75sq_1385552119.jpg","id":"39230987","full_name":"Michael Uruguay"},"id":"599925393512689919"},{"created_time":"1386412397","text":"#cityfacades","from":{"username":"citizenuy","profile_picture":"http:\/\/images.ak.instagram.com\/profiles\/profile_39230987_75sq_1385552119.jpg","id":"39230987","full_name":"Michael Uruguay"},"id":"605593539347182384"}]},"filter":"Normal","created_time":"1347464357","link":"http:\/\/instagram.com\/p\/PewidZj3Do\/","likes":{"count":97,"data":[{"username":"josehuercalovera","profile_picture":"http:\/\/images.ak.instagram.com\/profiles\/profile_312824281_75sq_1381699223.jpg","id":"312824281","full_name":"Jose Juan Fernandez Parra"},{"username":"jar3ll","profile_picture":"http:\/\/images.ak.instagram.com\/profiles\/profile_587752298_75sq_1384008813.jpg","id":"587752298","full_name":"Jack Rellamas"},{"username":"_tom_ford___","profile_picture":"http:\/\/images.ak.instagram.com\/profiles\/profile_708108371_75sq_1386559510.jpg","id":"708108371","full_name":"_tom_ford___"},{"username":"giuu_vsn","profile_picture":"http:\/\/images.ak.instagram.com\/profiles\/profile_245653844_75sq_1384084558.jpg","id":"245653844","full_name":"Giulia Visentin"}]},"images":{"low_resolution":{"url":"http:\/\/distilleryimage8.s3.amazonaws.com\/03456d6afcf011e18a2e22000a1ea02d_6.jpg","width":306,"height":306},"thumbnail":{"url":"http:\/\/distilleryimage8.s3.amazonaws.com\/03456d6afcf011e18a2e22000a1ea02d_5.jpg","width":150,"height":150},"standard_resolution":{"url":"http:\/\/distilleryimage8.s3.amazonaws.com\/03456d6afcf011e18a2e22000a1ea02d_7.jpg","width":612,"height":612}},"users_in_photo":[],"caption":null,"user_has_liked":false,"id":"278873701205635304_39230987","user":{"username":"citizenuy","website":"","profile_picture":"http:\/\/images.ak.instagram.com\/profiles\/profile_39230987_75sq_1385552119.jpg","full_name":"Michael Uruguay","bio":"","id":"39230987"}},{"attribution":null,"tags":["tagstagramers","skyporn","f4f","whpstraightfacades","tagsta","follower","followher","follow","ifollow","me","followforfollow","teamfollowback","likeback","followall","followbackalways","alwaysfollowback","followers","architecture","followbackteam","lookup_challenge_2013","pleasefollowme","followme","pleasefollow"],"type":"image","location":null,"comments":{"count":6,"data":[{"created_time":"1349536614","text":"This is so COOL!!!!! XlP","from":{"username":"keitokitty","profile_picture":"http:\/\/images.ak.instagram.com\/profiles\/profile_192644414_75sq_1383521335.jpg","id":"192644414","full_name":"keitokitty"},"id":"296257052786782560"},{"created_time":"1349537329","text":"This one was in Croatia, we vistited it during my last holidays. It was built by Emperor Augustus. @keito1412","from":{"username":"citizenuy","profile_picture":"http:\/\/images.ak.instagram.com\/profiles\/profile_39230987_75sq_1385552119.jpg","id":"39230987","full_name":"Michael Uruguay"},"id":"296263047051178479"},{"created_time":"1349537425","text":"@citizenuy  that is so cool I'm old fashion and I love old architecture like this XlP I'd love to visit here when I travel to Deutschland XlP","from":{"username":"keitokitty","profile_picture":"http:\/\/images.ak.instagram.com\/profiles\/profile_192644414_75sq_1383521335.jpg","id":"192644414","full_name":"keitokitty"},"id":"296263859781464585"},{"created_time":"1357293575","text":"Ancient architecture. #lookup_challenge_2013 #architecture #skyporn","from":{"username":"citizenuy","profile_picture":"http:\/\/images.ak.instagram.com\/profiles\/profile_39230987_75sq_1385552119.jpg","id":"39230987","full_name":"Michael Uruguay"},"id":"361327161200571132"},{"created_time":"1385394096","text":"#whpstraightfacades","from":{"username":"citizenuy","profile_picture":"http:\/\/images.ak.instagram.com\/profiles\/profile_39230987_75sq_1385552119.jpg","id":"39230987","full_name":"Michael Uruguay"},"id":"597051414166860653"},{"created_time":"1385933133","text":"#follow #followme #followforfollow #followme #follower #followers #alwaysfollowback #followbackalways #teamfollowback #followbackteam #f4f #ifollow #followall #followher #pleasefollow #pleasefollowme #me #likeback #tagsta #tagstagramers","from":{"username":"citizenuy","profile_picture":"http:\/\/images.ak.instagram.com\/profiles\/profile_39230987_75sq_1385552119.jpg","id":"39230987","full_name":"Michael Uruguay"},"id":"601573179366798276"}]},"filter":"Normal","created_time":"1348521944","link":"http:\/\/instagram.com\/p\/P-RuePj3Hp\/","likes":{"count":92,"data":[{"username":"aldytecture","profile_picture":"http:\/\/images.ak.instagram.com\/profiles\/profile_14211929_75sq_1322571194.jpg","id":"14211929","full_name":"Yuriza Oktavialdy"},{"username":"madame_elise","profile_picture":"http:\/\/images.ak.instagram.com\/profiles\/profile_28437484_75sq_1365715982.jpg","id":"28437484","full_name":"elise"},{"username":"gabrypero","profile_picture":"http:\/\/images.ak.instagram.com\/profiles\/profile_483062246_75sq_1374930304.jpg","id":"483062246","full_name":"Gabrypero"},{"username":"alexbarra9","profile_picture":"http:\/\/images.ak.instagram.com\/profiles\/profile_5060559_75sq_1361287705.jpg","id":"5060559","full_name":"Alex Barrera"}]},"images":{"low_resolution":{"url":"http:\/\/distilleryimage5.s3.amazonaws.com\/666f1a60068e11e2bb3522000a1e9bb7_6.jpg","width":306,"height":306},"thumbnail":{"url":"http:\/\/distilleryimage5.s3.amazonaws.com\/666f1a60068e11e2bb3522000a1e9bb7_5.jpg","width":150,"height":150},"standard_resolution":{"url":"http:\/\/distilleryimage5.s3.amazonaws.com\/666f1a60068e11e2bb3522000a1e9bb7_7.jpg","width":612,"height":612}},"users_in_photo":[],"caption":null,"user_has_liked":false,"id":"287745386558222825_39230987","user":{"username":"citizenuy","website":"","profile_picture":"http:\/\/images.ak.instagram.com\/profiles\/profile_39230987_75sq_1385552119.jpg","full_name":"Michael Uruguay","bio":"","id":"39230987"}}]}